instrument,direction,entry_time,exit_time,entry_price,exit_price,size_usd,bars_held,exit_reason,regime_at_entry,gross_pnl,costs,net_pnl,net_pnl_pct,running_equity,drawdown
ARB-USDT-PERP,LONG,2022-09-12 02:00:00+00:00,2022-09-12 04:00:00+00:00,0.8852044374690365,0.8817569874560716,20000.0,2,SL,BULL,-77.89048195063006,20.0,-97.89048195063006,-0.004894524097531503,99902.10951804937,0.0009789048195062787
SUI-USDT-PERP,LONG,2022-09-12 02:00:00+00:00,2022-09-12 04:00:00+00:00,0.44260221873451827,0.4408784937280358,20000.0,2,SL,BULL,-77.89048195063006,20.0,-97.89048195063006,-0.004894524097531503,99804.21903609874,0.0019578096390125573
ARB-USDT-PERP,LONG,2022-09-12 04:00:00+00:00,2022-09-12 06:00:00+00:00,0.8817569874560716,0.8786468583514845,19980.421903609877,2,SL,BULL,-70.47485029138153,19.980421903609876,-90.45527219499141,-0.004527195303050572,99713.76376390376,0.002862362360962434
SUI-USDT-PERP,LONG,2022-09-12 04:00:00+00:00,2022-09-12 06:00:00+00:00,0.4408784937280358,0.43932342917574224,19960.84380721975,2,SL,BULL,-70.4057945217516,19.96084380721975,-90.36663832897135,-0.004527195303050572,99623.39712557479,0.0037660287442521077
ARB-USDT-PERP,LONG,2022-09-14 20:00:00+00:00,2022-09-15 02:00:00+00:00,0.8740504007758002,0.8686381046746807,19924.67942511496,6,SL,BULL,-123.37762750625012,19.92467942511496,-143.30230693136508,-0.00719220138371377,99480.09481864343,0.005199051813565747
SUI-USDT-PERP,LONG,2022-09-14 20:00:00+00:00,2022-09-15 02:00:00+00:00,0.4370252003879001,0.43431905233734036,19924.67942511496,6,SL,BULL,-123.37762750625012,19.92467942511496,-143.30230693136508,-0.00719220138371377,99336.79251171206,0.006632074882879388
ARB-USDT-PERP,LONG,2022-09-15 02:00:00+00:00,2022-09-15 10:00:00+00:00,0.8686381046746807,0.8761329147615277,19896.018963728686,8,TP,BULL,171.66744449151057,37.71033477049176,133.9571097210188,0.006732859973908775,99470.74962143307,0.005292503785669251
SUI-USDT-PERP,LONG,2022-09-15 02:00:00+00:00,2022-09-15 10:00:00+00:00,0.43431905233734036,0.43806645738076383,19867.358502342413,8,TP,BULL,171.42015541458022,37.65601256686281,133.7641428477174,0.006732859973908775,99604.5137642808,0.003954862357192033
ARB-USDT-PERP,LONG,2022-09-16 05:00:00+00:00,2022-09-16 06:00:00+00:00,0.8728598831110923,0.8695085550465265,19920.90275285616,1,SL,BEAR,-76.48590771428172,19.92090275285616,-96.40681046713789,-0.004839480000639808,99508.10695381367,0.004918930461863347
SUI-USDT-PERP,LONG,2022-09-16 05:00:00+00:00,2022-09-16 06:00:00+00:00,0.43642994155554615,0.43475427752326323,19920.90275285616,1,SL,BEAR,-76.48590771428172,19.92090275285616,-96.40681046713789,-0.004839480000639808,99411.70014334653,0.005882998566534662
ARB-USDT-PERP,LONG,2022-09-16 06:00:00+00:00,2022-09-16 07:00:00+00:00,0.8695085550465265,0.868670406971402,19901.621390762735,1,REGIME_FLIP,BEAR,-19.183831560612788,19.901621390762735,-39.08545295137552,-0.0019639330979091428,99372.61469039516,0.006273853096048406
SUI-USDT-PERP,LONG,2022-09-16 06:00:00+00:00,2022-09-16 07:00:00+00:00,0.43475427752326323,0.434335203485701,19882.340028669307,1,REGIME_FLIP,BEAR,-19.16524561751816,19.882340028669308,-39.04758564618747,-0.001963933097909143,99333.56710474897,0.006664328952510259
ARB-USDT-PERP,LONG,2022-09-16 09:00:00+00:00,2022-09-16 10:00:00+00:00,0.8665704308306978,0.8634277076722436,19866.713420949796,1,SL,BEAR,-72.04905467469153,19.866713420949797,-91.91576809564133,-0.004626621733955982,99241.65133665333,0.007583486633466673
SUI-USDT-PERP,LONG,2022-09-16 09:00:00+00:00,2022-09-16 10:00:00+00:00,0.4332852154153489,0.4317138538361218,19866.713420949796,1,SL,BEAR,-72.04905467469153,19.866713420949797,-91.91576809564133,-0.004626621733955982,99149.73556855769,0.008502644314423087
ARB-USDT-PERP,LONG,2022-09-16 10:00:00+00:00,2022-09-16 11:00:00+00:00,0.8634277076722436,0.8692092018846376,19848.330267330668,1,REGIME_FLIP,BEAR,132.9040121675314,19.848330267330667,113.05568190020072,0.00569597947925547,99262.79125045789,0.007372087495421147
SUI-USDT-PERP,LONG,2022-09-16 10:00:00+00:00,2022-09-16 11:00:00+00:00,0.4317138538361218,0.4346046009423188,19829.94711371154,1,REGIME_FLIP,BEAR,132.78091894813372,19.82994711371154,112.95097183442218,0.005695979479255471,99375.7422222923,0.006242577777076949
ARB-USDT-PERP,LONG,2022-09-16 11:00:00+00:00,2022-09-16 12:00:00+00:00,0.8692092018846376,0.8678109517528907,19852.558250091577,1,REGIME_FLIP,BEAR,-31.93574357992975,19.852558250091576,-51.788301830021325,-0.0026086462599741993,99323.95392046229,0.006760460795377148
SUI-USDT-PERP,LONG,2022-09-16 11:00:00+00:00,2022-09-16 12:00:00+00:00,0.4346046009423188,0.43390547587644535,19875.148444458464,1,REGIME_FLIP,BEAR,-31.972083211610133,19.875148444458464,-51.8472316560686,-0.0026086462599741993,99272.10668880622,0.007278933111937804
ARB-USDT-PERP,LONG,2022-09-16 12:00:00+00:00,2022-09-16 13:00:00+00:00,0.8678109517528907,0.8682560229174101,19864.79078409246,1,REGIME_FLIP,BEAR,10.187985700517137,19.86479078409246,-9.676805083575323,-0.00048713350111517,99262.42988372264,0.007375701162773621
SUI-USDT-PERP,LONG,2022-09-16 12:00:00+00:00,2022-09-16 13:00:00+00:00,0.43390547587644535,0.43412801145870505,19854.421337761247,1,REGIME_FLIP,BEAR,10.182667558881873,19.85442133776125,-9.671753778879376,-0.00048713350111517014,99252.75812994376,0.007472418700562412
ARB-USDT-PERP,LONG,2022-09-18 09:00:00+00:00,2022-09-18 13:00:00+00:00,0.9099597267354702,0.919590980420003,19850.55162598875,4,TP,BULL,210.1034725720238,19.850551625988754,190.25292094603506,0.009584263678443677,99443.01105088979,0.005569889491102076
SUI-USDT-PERP,LONG,2022-09-18 09:00:00+00:00,2022-09-18 13:00:00+00:00,0.4549798633677351,0.4597954902100015,19850.55162598875,4,TP,BULL,210.1034725720238,19.850551625988754,190.25292094603506,0.009584263678443677,99633.26397183583,0.0036673602816417405
ARB-USDT-PERP,LONG,2022-09-18 13:00:00+00:00,2022-09-18 17:00:00+00:00,0.919590980420003,0.9167523387455667,19888.60221017796,4,SL,BULL,-61.39318053588449,19.88860221017796,-81.28178274606245,-0.004086852453837436,99551.98218908976,0.004480178109102417
SUI-USDT-PERP,LONG,2022-09-18 13:00:00+00:00,2022-09-18 17:00:00+00:00,0.4597954902100015,0.45837616937278336,19926.652794367168,4,SL,BULL,-61.510637075058895,19.92665279436717,-81.43728986942607,-0.004086852453837437,99470.54489922033,0.00529455100779669
ARB-USDT-PERP,LONG,2022-09-18 17:00:00+00:00,2022-09-19 00:00:00+00:00,0.9167523387455667,0.9080568600827408,19910.39643781795,7,SL,BULL,-188.85190697233858,19.91039643781795,-208.76230341015653,-0.010485090242283267,99261.78259581017,0.007382174041898251
SUI-USDT-PERP,LONG,2022-09-18 17:00:00+00:00,2022-09-19 00:00:00+00:00,0.45837616937278336,0.4540284300413704,19894.108979844066,7,SL,BULL,-188.69741896363888,19.894108979844066,-208.59152794348296,-0.010485090242283269,99053.19106786669,0.0094680893213331
ARB-USDT-PERP,LONG,2022-09-19 00:00:00+00:00,2022-09-19 11:00:00+00:00,0.9080568600827408,0.9003034214263175,19852.356519162036,11,SL,BULL,-169.50924025037688,31.244183324726443,-200.7534235751033,-0.010112322100468557,98852.43764429158,0.011475623557084182
SUI-USDT-PERP,LONG,2022-09-19 00:00:00+00:00,2022-09-19 11:00:00+00:00,0.4540284300413704,0.45015171071315874,19810.63821357334,11,SL,BULL,-169.15302872062486,31.178525910879777,-200.33155463150464,-0.010112322100468559,98652.10608966008,0.01347893910339917
ARB-USDT-PERP,LONG,2022-09-26 00:00:00+00:00,2022-09-26 01:00:00+00:00,0.8812332321300164,0.8786054946368367,19730.421217932017,1,REGIME_FLIP,BEAR,-58.83387700356099,19.730421217932015,-78.564298221493,-0.0039818865169533105,98573.54179143859,0.014264582085614092
SUI-USDT-PERP,LONG,2022-09-26 00:00:00+00:00,2022-09-26 01:00:00+00:00,0.4406166160650082,0.43930274731841834,19730.421217932017,1,REGIME_FLIP,BEAR,-58.83387700356099,19.730421217932015,-78.564298221493,-0.0039818865169533105,98494.9774932171,0.015050225067829015
ARB-USDT-PERP,LONG,2022-09-26 02:00:00+00:00,2022-09-26 03:00:00+00:00,0.8770757514230312,0.8822228937345932,19698.99549864342,1,REGIME_FLIP,BEAR,115.60407759743507,19.69899549864342,95.90508209879164,0.0048685265248878395,98590.88257531589,0.01409117424684111
SUI-USDT-PERP,LONG,2022-09-26 02:00:00+00:00,2022-09-26 03:00:00+00:00,0.4385378757115156,0.4411114468672966,19698.99549864342,1,REGIME_FLIP,BEAR,115.60407759743507,19.69899549864342,95.90508209879164,0.0048685265248878395,98686.78765741468,0.013132123425853206
ARB-USDT-PERP,LONG,2022-09-26 20:00:00+00:00,2022-09-26 21:00:00+00:00,0.879476918161514,0.880633470202185,19737.357531482936,1,REGIME_FLIP,BEAR,25.955520445276235,19.737357531482935,6.2181629137933,0.00031504536024514666,98693.00582032847,0.013069941796715284
SUI-USDT-PERP,LONG,2022-09-26 20:00:00+00:00,2022-09-26 21:00:00+00:00,0.439738459080757,0.4403167351010925,19737.357531482936,1,REGIME_FLIP,BEAR,25.955520445276235,19.737357531482935,6.2181629137933,0.00031504536024514666,98699.22398324226,0.013007760167577362
ARB-USDT-PERP,LONG,2022-09-26 21:00:00+00:00,2022-09-26 22:00:00+00:00,0.880633470202185,0.88205300396896,19738.601164065694,1,REGIME_FLIP,BEAR,31.81756293553519,19.738601164065695,12.078961771469494,0.0006119461896549871,98711.30294501374,0.0128869705498626
SUI-USDT-PERP,LONG,2022-09-26 21:00:00+00:00,2022-09-26 22:00:00+00:00,0.4403167351010925,0.44102650198448,19739.844796648453,1,REGIME_FLIP,BEAR,31.8195676043383,19.739844796648452,12.079722807689848,0.0006119461896549873,98723.38266782142,0.012766173321785755
ARB-USDT-PERP,LONG,2022-09-29 22:00:00+00:00,2022-09-29 23:00:00+00:00,0.8764088058782019,0.8806636559005506,19744.676533564285,1,REGIME_FLIP,BEAR,95.85781980581714,19.744676533564284,76.11314327225286,0.0038548690905554684,98799.49581109367,0.012005041889063286
SUI-USDT-PERP,LONG,2022-09-29 22:00:00+00:00,2022-09-29 23:00:00+00:00,0.43820440293910096,0.4403318279502753,19744.676533564285,1,REGIME_FLIP,BEAR,95.85781980581714,19.744676533564284,76.11314327225286,0.0038548690905554684,98875.60895436592,0.011243910456340819
ARB-USDT-PERP,LONG,2022-09-29 23:00:00+00:00,2022-09-30 00:00:00+00:00,0.8806636559005506,0.8768477520449823,19759.899162218735,1,SL,BEAR,-85.61937908252447,19.759899162218737,-105.3792782447432,-0.005332986640247142,98770.22967612118,0.012297703238788236
SUI-USDT-PERP,LONG,2022-09-29 23:00:00+00:00,2022-09-30 00:00:00+00:00,0.4403318279502753,0.43842387602249117,19775.121790873185,1,SL,BEAR,-85.68533852911365,19.775121790873186,-105.46046031998684,-0.005332986640247142,98664.76921580119,0.013352307841988077
ARB-USDT-PERP,LONG,2022-09-30 09:00:00+00:00,2022-09-30 10:00:00+00:00,0.8610664268156072,0.8605558917984534,19732.95384316024,1,REGIME_FLIP,BEAR,-11.699868459707787,19.732953843160242,-31.43282230286803,-0.0015929101417202752,98633.33639349832,0.013666636065016792
SUI-USDT-PERP,LONG,2022-09-30 09:00:00+00:00,2022-09-30 10:00:00+00:00,0.4305332134078036,0.4302779458992267,19732.95384316024,1,REGIME_FLIP,BEAR,-11.699868459707787,19.732953843160242,-31.43282230286803,-0.0015929101417202752,98601.90357119545,0.013980964288045506
ARB-USDT-PERP,LONG,2022-09-30 10:00:00+00:00,2022-09-30 11:00:00+00:00,0.8605558917984534,0.8575613202019025,19726.667278699664,1,SL,BEAR,-68.6450677874618,19.726667278699665,-88.37173506616146,-0.00447981069572674,98513.53183612929,0.014864681638707116
SUI-USDT-PERP,LONG,2022-09-30 10:00:00+00:00,2022-09-30 11:00:00+00:00,0.4302779458992267,0.4287806601009512,19720.38071423909,1,SL,BEAR,-68.62319173321251,19.72038071423909,-88.3435724474516,-0.00447981069572674,98425.18826368183,0.015748117363181664
ARB-USDT-PERP,LONG,2022-10-01 05:00:00+00:00,2022-10-01 06:00:00+00:00,0.8745817881426788,0.876028975706945,19685.03765273637,1,REGIME_FLIP,BEAR,32.57321622675338,19.68503765273637,12.888178574017012,0.0006547195286784456,98438.07644225586,0.015619235577441432
SUI-USDT-PERP,LONG,2022-10-01 05:00:00+00:00,2022-10-01 06:00:00+00:00,0.4372908940713394,0.4380144878534725,19685.03765273637,1,REGIME_FLIP,BEAR,32.57321622675338,19.68503765273637,12.888178574017012,0.0006547195286784456,98450.96462082988,0.0154903537917012
ARB-USDT-PERP,LONG,2022-10-01 06:00:00+00:00,2022-10-01 07:00:00+00:00,0.876028975706945,0.878282068152018,19687.615288451172,1,REGIME_FLIP,BEAR,50.635331134014656,19.687615288451173,30.947715845563483,0.0015719382663738624,98481.91233667545,0.015180876633245497
SUI-USDT-PERP,LONG,2022-10-01 06:00:00+00:00,2022-10-01 07:00:00+00:00,0.4380144878534725,0.439141034076009,19690.19292416598,1,REGIME_FLIP,BEAR,50.641960653946335,19.690192924165977,30.951767729780357,0.0015719382663738624,98512.86410440523,0.014871358955947654
ARB-USDT-PERP,LONG,2022-10-03 08:00:00+00:00,2022-10-03 09:00:00+00:00,0.870409601820833,0.8712493961589188,19702.572820881047,1,REGIME_FLIP,BEAR,19.009566376663994,19.70257282088105,-0.6930064442170547,-3.517339844482632e-05,98512.17109796102,0.014878289020389785
SUI-USDT-PERP,LONG,2022-10-03 08:00:00+00:00,2022-10-03 09:00:00+00:00,0.4352048009104165,0.4356246980794594,19702.572820881047,1,REGIME_FLIP,BEAR,19.009566376663994,19.70257282088105,-0.6930064442170547,-3.517339844482632e-05,98511.47809151681,0.014885219084831916
ARB-USDT-PERP,LONG,2022-10-03 09:00:00+00:00,2022-10-03 10:00:00+00:00,0.8712493961589188,0.8685222701083403,19702.434219592207,1,SL,BEAR,-61.67122968112768,19.702434219592206,-81.37366390071989,-0.004130132500064458,98430.10442761608,0.015698955723839173
SUI-USDT-PERP,LONG,2022-10-03 09:00:00+00:00,2022-10-03 10:00:00+00:00,0.4356246980794594,0.43426113505417013,19702.295618303364,1,SL,BEAR,-61.670795840728914,19.702295618303364,-81.37309145903228,-0.004130132500064458,98348.73133615706,0.01651268663842944
ARB-USDT-PERP,LONG,2022-10-03 10:00:00+00:00,2022-10-03 11:00:00+00:00,0.8685222701083403,0.8667194407597832,19686.02088552322,1,REGIME_FLIP,BEAR,-40.86312744093555,19.68602088552322,-60.54914832645877,-0.0030757433753910947,98288.1821878306,0.017118178121694073
SUI-USDT-PERP,LONG,2022-10-03 10:00:00+00:00,2022-10-03 11:00:00+00:00,0.43426113505417013,0.4333597203798916,19669.746267231414,1,REGIME_FLIP,BEAR,-40.82934550982932,19.669746267231414,-60.49909177706073,-0.0030757433753910942,98227.68309605353,0.017723169039464703
ARB-USDT-PERP,LONG,2022-10-03 12:00:00+00:00,2022-10-03 13:00:00+00:00,0.8701200771355704,0.8710560421135137,19645.536619210707,1,REGIME_FLIP,BEAR,21.13218018025333,19.645536619210706,1.486643561042623,7.5673349619215e-05,98229.16973961458,0.017708302603854247
SUI-USDT-PERP,LONG,2022-10-03 12:00:00+00:00,2022-10-03 13:00:00+00:00,0.4350600385677852,0.43552802105675686,19645.536619210707,1,REGIME_FLIP,BEAR,21.13218018025333,19.645536619210706,1.486643561042623,7.5673349619215e-05,98230.65638317562,0.017693436168243787
ARB-USDT-PERP,LONG,2022-10-03 15:00:00+00:00,2022-10-03 16:00:00+00:00,0.8729690795267798,0.8722677076631954,19646.131276635126,1,REGIME_FLIP,BEAR,-15.784343373521834,19.646131276635128,-35.43047465015696,-0.001803432653038104,98195.22590852546,0.018047740914745373
SUI-USDT-PERP,LONG,2022-10-03 15:00:00+00:00,2022-10-03 16:00:00+00:00,0.4364845397633899,0.4361338538315977,19646.131276635126,1,REGIME_FLIP,BEAR,-15.784343373521834,19.646131276635128,-35.43047465015696,-0.001803432653038104,98159.7954338753,0.018402045661246955
ARB-USDT-PERP,LONG,2022-10-03 16:00:00+00:00,2022-10-03 17:00:00+00:00,0.8722677076631954,0.8789279311514686,19639.045181705093,1,REGIME_FLIP,BEAR,149.95445647857989,19.639045181705093,130.3154112968748,0.0066355268339761825,98290.11084517218,0.017098891548278188
SUI-USDT-PERP,LONG,2022-10-03 16:00:00+00:00,2022-10-03 17:00:00+00:00,0.4361338538315977,0.4394639655757343,19631.959086775063,1,REGIME_FLIP,BEAR,149.90035041059355,19.631959086775062,130.2683913238185,0.006635526833976183,98420.379236496,0.015796207635040044
ARB-USDT-PERP,LONG,2022-10-03 17:00:00+00:00,2022-10-03 18:00:00+00:00,0.8789279311514686,0.8827790968081234,19658.022169034437,1,REGIME_FLIP,BEAR,86.13482081057785,19.65802216903444,66.47679864154341,0.0033816626143732048,98486.85603513753,0.015131439648624656
SUI-USDT-PERP,LONG,2022-10-03 17:00:00+00:00,2022-10-03 18:00:00+00:00,0.4394639655757343,0.4413895484040617,19684.075847299202,1,REGIME_FLIP,BEAR,86.24897923859747,19.6840758472992,66.56490339129827,0.0033816626143732048,98553.42093852883,0.014465790614711732
ARB-USDT-PERP,LONG,2022-10-03 18:00:00+00:00,2022-10-03 19:00:00+00:00,0.8827790968081234,0.8829679364497537,19697.371207027507,1,REGIME_FLIP,BEAR,4.213562071466403,19.69737120702751,-15.483809135561106,-0.0007860850553517968,98537.93712939326,0.014620628706067364
SUI-USDT-PERP,LONG,2022-10-03 18:00:00+00:00,2022-10-03 19:00:00+00:00,0.4413895484040617,0.44148396822487684,19710.684187705767,1,REGIME_FLIP,BEAR,4.216409916991296,19.710684187705766,-15.49427427071447,-0.0007860850553517967,98522.44285512254,0.014775571448774573
ARB-USDT-PERP,LONG,2022-10-03 19:00:00+00:00,2022-10-03 20:00:00+00:00,0.8829679364497537,0.8860770179316982,19707.587425878653,1,REGIME_FLIP,BEAR,69.39379403284757,19.707587425878653,49.68620660696891,0.0025211714419048773,98572.12906172952,0.014278709382704837
SUI-USDT-PERP,LONG,2022-10-03 19:00:00+00:00,2022-10-03 20:00:00+00:00,0.44148396822487684,0.4430385089658491,19704.48857102451,1,REGIME_FLIP,BEAR,69.38288243363255,19.704488571024513,49.67839386260803,0.002521171441904877,98621.80745559212,0.013781925444078807
ARB-USDT-PERP,LONG,2022-10-04 22:00:00+00:00,2022-10-04 23:00:00+00:00,0.8838178195928006,0.8858883921305968,19724.361491118427,1,REGIME_FLIP,BEAR,46.20943403007077,19.724361491118426,26.48507253895234,0.0013427594374032415,98648.29252813107,0.013517074718689254
SUI-USDT-PERP,LONG,2022-10-04 22:00:00+00:00,2022-10-04 23:00:00+00:00,0.4419089097964003,0.4429441960652984,19724.361491118427,1,REGIME_FLIP,BEAR,46.20943403007077,19.724361491118426,26.48507253895234,0.0013427594374032415,98674.77760067003,0.013252223993299703
ARB-USDT-PERP,LONG,2022-10-04 23:00:00+00:00,2022-10-05 00:00:00+00:00,0.8858883921305968,0.8829174657669018,19729.658505626216,1,SL,BEAR,-66.16562890060227,19.729658505626215,-85.89528740622849,-0.004353612475438139,98588.8823132638,0.014111176867361937
SUI-USDT-PERP,LONG,2022-10-04 23:00:00+00:00,2022-10-05 00:00:00+00:00,0.4429441960652984,0.4414587328834509,19734.955520134008,1,SL,BEAR,-66.18339303453818,19.734955520134008,-85.91834855467219,-0.004353612475438139,98502.96396470914,0.01497036035290861
ARB-USDT-PERP,LONG,2022-10-05 00:00:00+00:00,2022-10-05 01:00:00+00:00,0.8829174657669018,0.8824430856999858,19717.776462652764,1,REGIME_FLIP,BEAR,-10.594104749829361,19.717776462652765,-30.311881212482128,-0.0015372869892249538,98472.65208349665,0.015273479165033495
SUI-USDT-PERP,LONG,2022-10-05 00:00:00+00:00,2022-10-05 01:00:00+00:00,0.4414587328834509,0.4412215428499929,19700.59279294183,1,REGIME_FLIP,BEAR,-10.584872187666535,19.70059279294183,-30.285464980608367,-0.0015372869892249538,98442.36661851604,0.0155763338148396
ARB-USDT-PERP,LONG,2022-10-05 01:00:00+00:00,2022-10-05 02:00:00+00:00,0.8824430856999858,0.8814500611256386,19694.53041669933,1,REGIME_FLIP,BEAR,-22.16250883590538,19.69453041669933,-41.85703925260471,-0.002125312884693783,98400.50957926344,0.015994904207365615
SUI-USDT-PERP,LONG,2022-10-05 01:00:00+00:00,2022-10-05 02:00:00+00:00,0.4412215428499929,0.4407250305628193,19688.47332370321,1,REGIME_FLIP,BEAR,-22.15569271111306,19.68847332370321,-41.84416603481627,-0.0021253128846937834,98358.66541322862,0.016413345867713796
ARB-USDT-PERP,LONG,2022-10-05 02:00:00+00:00,2022-10-05 03:00:00+00:00,0.8814500611256386,0.8810155905600586,19680.10191585269,1,REGIME_FLIP,BEAR,-9.700407756660933,19.680101915852692,-29.380509672513625,-0.001492904345624708,98329.28490355611,0.016707150964438915
SUI-USDT-PERP,LONG,2022-10-05 02:00:00+00:00,2022-10-05 03:00:00+00:00,0.4407250305628193,0.4405077952800293,19671.733082645726,1,REGIME_FLIP,BEAR,-9.696282722405412,19.671733082645726,-29.368015805051137,-0.001492904345624708,98299.91688775105,0.01700083112248947
ARB-USDT-PERP,LONG,2022-10-05 05:00:00+00:00,2022-10-05 06:00:00+00:00,0.8805130497287734,0.8832953166729075,19659.983377550212,1,REGIME_FLIP,BEAR,62.122102438382534,19.659983377550212,42.46211906083232,0.002159824769196902,98342.37900681188,0.016576209931881167
SUI-USDT-PERP,LONG,2022-10-05 05:00:00+00:00,2022-10-05 06:00:00+00:00,0.4402565248643867,0.44164765833645375,19659.983377550212,1,REGIME_FLIP,BEAR,62.122102438382534,19.659983377550212,42.46211906083232,0.002159824769196902,98384.84112587271,0.016151588741272864
ARB-USDT-PERP,LONG,2022-10-05 07:00:00+00:00,2022-10-05 08:00:00+00:00,0.8862120463721392,0.8878216303800301,19676.968225174543,1,REGIME_FLIP,BEAR,35.738324150153616,19.676968225174544,16.061355924979072,0.000816251555685815,98400.90248179769,0.015990975182023102
SUI-USDT-PERP,LONG,2022-10-05 07:00:00+00:00,2022-10-05 08:00:00+00:00,0.4431060231860696,0.4439108151900151,19676.968225174543,1,REGIME_FLIP,BEAR,35.738324150153616,19.676968225174544,16.061355924979072,0.000816251555685815,98416.96383772267,0.015830361622773344
ARB-USDT-PERP,LONG,2022-10-08 13:00:00+00:00,2022-10-08 15:00:00+00:00,0.9069001239502942,0.9031805664368959,19683.392767544534,2,SL,BULL,-80.72940947321099,19.683392767544536,-100.41280224075552,-0.005101397072476435,98316.55103548191,0.016834489645180875
SUI-USDT-PERP,LONG,2022-10-08 13:00:00+00:00,2022-10-08 15:00:00+00:00,0.4534500619751471,0.45159028321844796,19683.392767544534,2,SL,BULL,-80.72940947321099,19.683392767544536,-100.41280224075552,-0.005101397072476435,98216.13823324116,0.017838617667588406
ARB-USDT-PERP,LONG,2022-10-08 15:00:00+00:00,2022-10-09 05:00:00+00:00,0.9031805664368959,0.9135936112048068,19663.310207096383,14,TP,BULL,226.70431260449243,48.61562653416982,178.0886860703226,0.009056902637179134,98394.22691931148,0.016057730806885228
SUI-USDT-PERP,LONG,2022-10-08 15:00:00+00:00,2022-10-09 05:00:00+00:00,0.45159028321844796,0.4567968056024034,19643.227646648233,14,TP,BULL,226.4727746277334,48.56597435209496,177.90680027563843,0.009056902637179133,98572.13371958712,0.014278662804128836
ARB-USDT-PERP,LONG,2022-10-09 05:00:00+00:00,2022-10-09 14:00:00+00:00,0.9135936112048068,0.9107981791989495,19678.845383862295,9,SL,BULL,-60.21372473458956,49.19711345965574,-109.4108381942453,-0.005559820002649547,98462.72288139287,0.015372771186071332
SUI-USDT-PERP,LONG,2022-10-09 05:00:00+00:00,2022-10-09 14:00:00+00:00,0.4567968056024034,0.4553990895994747,19714.426743917425,9,SL,BULL,-60.322597291807725,49.286066859793564,-109.60866415160129,-0.005559820002649547,98353.11421724127,0.016468857827587346
ARB-USDT-PERP,LONG,2022-10-10 21:00:00+00:00,2022-10-11 08:00:00+00:00,0.8996355549148254,0.908542084291213,19670.622843448255,11,TP,BULL,194.74217003750994,45.84171708109717,148.90045295641278,0.00756968674258362,98502.01467019768,0.014979853298023227
SUI-USDT-PERP,LONG,2022-10-10 21:00:00+00:00,2022-10-11 08:00:00+00:00,0.4498177774574127,0.4542710421456065,19670.622843448255,11,TP,BULL,194.74217003750994,45.84171708109717,148.90045295641278,0.00756968674258362,98650.91512315409,0.013490848768459109
ARB-USDT-PERP,LONG,2022-10-14 06:00:00+00:00,2022-10-14 07:00:00+00:00,0.9070060726369998,0.9027831404982412,19730.18302463082,1,SL,BULL,-91.86181494470584,19.730183024630822,-111.59199796933666,-0.0056559028281707845,98539.32312518475,0.014606768748152536
SUI-USDT-PERP,LONG,2022-10-14 06:00:00+00:00,2022-10-14 07:00:00+00:00,0.4535030363184999,0.4513915702491206,19730.18302463082,1,SL,BULL,-91.86181494470584,19.730183024630822,-111.59199796933666,-0.0056559028281707845,98427.7311272154,0.015722688727845963
ARB-USDT-PERP,LONG,2022-10-14 07:00:00+00:00,2022-10-15 04:00:00+00:00,0.9027831404982412,0.9100464890178995,19707.86462503695,21,TP,BULL,158.5597724730313,64.1731473850575,94.3866250879738,0.004789287265961055,98522.11775230338,0.014778822476966161
SUI-USDT-PERP,LONG,2022-10-14 07:00:00+00:00,2022-10-15 04:00:00+00:00,0.4513915702491206,0.45502324450894976,19685.546225443082,21,TP,BULL,158.38020962191095,64.10047376090867,94.27973586100228,0.004789287265961056,98616.39748816438,0.013836025118356193
ARB-USDT-PERP,LONG,2022-10-16 14:00:00+00:00,2022-10-16 18:00:00+00:00,0.9087815721490985,0.9012107913687636,19723.279497632877,4,SL,BULL,-164.30859727133017,19.723279497632877,-184.03187676896306,-0.009330693548760486,98432.36561139542,0.015676343886045798
SUI-USDT-PERP,LONG,2022-10-16 14:00:00+00:00,2022-10-16 18:00:00+00:00,0.45439078607454925,0.4506053956843818,19723.279497632877,4,SL,BULL,-164.30859727133017,19.723279497632877,-184.03187676896306,-0.009330693548760486,98248.33373462646,0.0175166626537354
ARB-USDT-PERP,LONG,2022-10-16 18:00:00+00:00,2022-10-16 22:00:00+00:00,0.9012107913687636,0.8977676954798732,19686.473122279087,4,SL,BULL,-75.21260877393775,19.686473122279086,-94.89908189621683,-0.004820522259460482,98153.43465273024,0.018465653472697595
SUI-USDT-PERP,LONG,2022-10-16 18:00:00+00:00,2022-10-16 22:00:00+00:00,0.4506053956843818,0.4488838477399366,19649.666746925293,4,SL,BULL,-75.07198919760852,19.649666746925295,-94.72165594453381,-0.004820522259460482,98058.7129967857,0.019412870032142964
ARB-USDT-PERP,LONG,2022-10-17 01:00:00+00:00,2022-10-17 02:00:00+00:00,0.9042577365996559,0.900617844590299,19611.74259935714,1,SL,BULL,-78.94278620761008,19.611742599357143,-98.55452880696723,-0.0050252815785068366,97960.15846797873,0.02039841532021266
SUI-USDT-PERP,LONG,2022-10-17 01:00:00+00:00,2022-10-17 02:00:00+00:00,0.45212886829982796,0.4503089222951495,19611.74259935714,1,SL,BULL,-78.94278620761008,19.611742599357143,-98.55452880696723,-0.0050252815785068366,97861.60393917176,0.02138396060828236
ARB-USDT-PERP,LONG,2022-10-17 02:00:00+00:00,2022-10-17 10:00:00+00:00,0.900617844590299,0.9134157517793188,19592.03169359575,8,TP,BULL,278.40554655347154,37.75614498634357,240.64940156712797,0.012283024309612135,98102.2533407389,0.018977466592611018
SUI-USDT-PERP,LONG,2022-10-17 02:00:00+00:00,2022-10-17 10:00:00+00:00,0.4503089222951495,0.4567078758896594,19572.320787834353,8,TP,BULL,278.12545178957015,37.71815975707392,240.40729203249623,0.012283024309612131,98342.6606327714,0.016573393672286038
ARB-USDT-PERP,LONG,2022-10-18 04:00:00+00:00,2022-10-18 14:00:00+00:00,0.927971170742067,0.9381237501495986,19668.53212655428,10,TP,BULL,215.18592445576246,44.481639690626444,170.704284765136,0.008679055644150991,98513.36491753653,0.014866350824634719
SUI-USDT-PERP,LONG,2022-10-18 04:00:00+00:00,2022-10-18 14:00:00+00:00,0.4639855853710335,0.4690618750747993,19668.53212655428,10,TP,BULL,215.18592445576246,44.481639690626444,170.704284765136,0.008679055644150991,98684.06920230166,0.0131593079769834
ARB-USDT-PERP,LONG,2022-10-20 01:00:00+00:00,2022-10-20 03:00:00+00:00,0.9501419223907439,0.9466154189643732,19736.813840460334,2,SL,BULL,-73.2542581206105,19.736813840460336,-92.99107196107084,-0.004711554393366156,98591.07813034058,0.01408921869659418
SUI-USDT-PERP,LONG,2022-10-20 01:00:00+00:00,2022-10-20 03:00:00+00:00,0.47507096119537195,0.4733077094821866,19736.813840460334,2,SL,BULL,-73.2542581206105,19.736813840460336,-92.99107196107084,-0.004711554393366156,98498.0870583795,0.01501912941620496
ARB-USDT-PERP,LONG,2022-10-21 03:00:00+00:00,2022-10-21 08:00:00+00:00,0.9316635165343443,0.9401225738119281,19699.617411675903,5,TP,BULL,178.86306490966933,19.699617411675902,159.16344749799345,0.008079519727304843,98657.2505058775,0.013427494941225013
SUI-USDT-PERP,LONG,2022-10-21 03:00:00+00:00,2022-10-21 08:00:00+00:00,0.46583175826717216,0.47006128690596405,19699.617411675903,5,TP,BULL,178.86306490966933,19.699617411675902,159.16344749799345,0.008079519727304843,98816.4139533755,0.011835860466245067
ARB-USDT-PERP,LONG,2022-10-21 08:00:00+00:00,2022-10-21 09:00:00+00:00,0.9401225738119281,0.9366566063526665,19731.450101175502,1,SL,BULL,-72.74430577432375,19.7314501011755,-92.47575587549925,-0.004686718685211585,98723.9381975,0.012760618025000003
SUI-USDT-PERP,LONG,2022-10-21 08:00:00+00:00,2022-10-21 09:00:00+00:00,0.47006128690596405,0.4683283031763332,19763.2827906751,1,SL,BULL,-72.86166394550246,19.763282790675103,-92.62494673617756,-0.004686718685211586,98631.31325076382,0.01368686749236178
ARB-USDT-PERP,LONG,2022-10-21 12:00:00+00:00,2022-10-21 17:00:00+00:00,0.9413715068474082,0.9491394431048537,19726.262650152767,5,TP,BULL,162.7756414438104,19.726262650152766,143.04937879365764,0.007251722301920674,98774.36262955748,0.012256373704425205
SUI-USDT-PERP,LONG,2022-10-21 12:00:00+00:00,2022-10-21 17:00:00+00:00,0.4706857534237041,0.4745697215524268,19726.262650152767,5,TP,BULL,162.7756414438104,19.726262650152766,143.04937879365764,0.007251722301920674,98917.41200835114,0.01082587991648863
ARB-USDT-PERP,LONG,2022-10-21 21:00:00+00:00,2022-10-22 10:00:00+00:00,0.9531723473617612,0.9617281315319364,19783.48240167023,13,TP,BULL,177.57880411831655,46.352508036191665,131.2262960821249,0.006633124210277865,99048.63830443326,0.009513616955667385
SUI-USDT-PERP,LONG,2022-10-21 21:00:00+00:00,2022-10-22 10:00:00+00:00,0.4765861736808806,0.4808640657659682,19783.48240167023,13,TP,BULL,177.57880411831655,46.352508036191665,131.2262960821249,0.006633124210277865,99179.86460051539,0.008201353994846141
ARB-USDT-PERP,LONG,2022-10-24 06:00:00+00:00,2022-10-24 13:00:00+00:00,0.982934076123572,0.9789870069465733,19835.97292010308,7,SL,BULL,-79.65331471413676,19.835972920103078,-99.48928763423983,-0.005015599085306819,99080.37531288115,0.009196246871188486
SUI-USDT-PERP,LONG,2022-10-24 06:00:00+00:00,2022-10-24 13:00:00+00:00,0.491467038061786,0.48949350347328663,19835.97292010308,7,SL,BULL,-79.65331471413676,19.835972920103078,-99.48928763423983,-0.005015599085306819,98980.88602524692,0.010191139747530832
ARB-USDT-PERP,LONG,2022-10-26 00:00:00+00:00,2022-10-26 03:00:00+00:00,0.9795111190815095,0.9741793846932538,19796.177205049386,3,SL,BULL,-107.75575356320263,19.796177205049386,-127.55193076825202,-0.006443260708724991,98853.33409447866,0.011466659055213387
SUI-USDT-PERP,LONG,2022-10-26 00:00:00+00:00,2022-10-26 03:00:00+00:00,0.4897555595407547,0.4870896923466269,19796.177205049386,3,SL,BULL,-107.75575356320263,19.796177205049386,-127.55193076825202,-0.006443260708724991,98725.7821637104,0.012742178362895939
ARB-USDT-PERP,LONG,2022-10-26 03:00:00+00:00,2022-10-26 09:00:00+00:00,0.9741793846932538,0.970449781994941,19770.666818895734,6,SL,BULL,-75.69112370245315,19.770666818895734,-95.46179052134889,-0.004828455782286092,98630.32037318905,0.013696796268109466
SUI-USDT-PERP,LONG,2022-10-26 03:00:00+00:00,2022-10-26 09:00:00+00:00,0.4870896923466269,0.4852248909974705,19745.156432742082,6,SL,BULL,-75.59345831707486,19.745156432742082,-95.33861474981694,-0.004828455782286092,98534.98175843923,0.014650182415607706
ARB-USDT-PERP,LONG,2022-10-31 07:00:00+00:00,2022-10-31 14:00:00+00:00,1.0582610365784717,1.0741889109620857,19706.99635168785,7,TP,BULL,296.60976972456797,19.70699635168785,276.9027733728801,0.014050988209025785,98811.88453181212,0.011881154681878834
SUI-USDT-PERP,LONG,2022-10-31 07:00:00+00:00,2022-10-31 14:00:00+00:00,0.5291305182892359,0.5370944554810428,19706.99635168785,7,TP,BULL,296.60976972456797,19.70699635168785,276.9027733728801,0.014050988209025785,99088.787305185,0.009112126948149963
ARB-USDT-PERP,LONG,2022-11-01 09:00:00+00:00,2022-11-01 12:00:00+00:00,1.100727082816292,1.0966952123506242,19817.757461037003,3,SL,BULL,-72.59077408951151,19.817757461037004,-92.40853155054852,-0.004662915656941997,98996.37877363445,0.01003621226365547
SUI-USDT-PERP,LONG,2022-11-01 09:00:00+00:00,2022-11-01 12:00:00+00:00,0.550363541408146,0.5483476061753121,19817.757461037003,3,SL,BULL,-72.59077408951151,19.817757461037004,-92.40853155054852,-0.004662915656941997,98903.9702420839,0.010960297579160979
ARB-USDT-PERP,LONG,2022-11-01 12:00:00+00:00,2022-11-01 19:00:00+00:00,1.0966952123506242,1.1058841582363919,19799.275754726892,7,TP,BULL,165.89337806775373,19.799275754726892,146.09410231302684,0.007378759916415035,99050.06434439693,0.009499356556030689
SUI-USDT-PERP,LONG,2022-11-01 12:00:00+00:00,2022-11-01 19:00:00+00:00,0.5483476061753121,0.5529420791181959,19780.79404841678,7,TP,BULL,165.73852428773563,19.78079404841678,145.95773023931883,0.007378759916415035,99196.02207463625,0.008039779253637535
ARB-USDT-PERP,LONG,2022-11-01 23:00:00+00:00,2022-11-02 08:00:00+00:00,1.0993080170161804,1.1083524350524114,19839.20441492725,9,TP,BULL,163.2245516792233,43.38017473623208,119.84437694299123,0.006040785428513399,99315.86645157923,0.006841335484207666
SUI-USDT-PERP,LONG,2022-11-01 23:00:00+00:00,2022-11-02 08:00:00+00:00,0.5496540085080902,0.5541762175262057,19839.20441492725,9,TP,BULL,163.2245516792233,43.38017473623208,119.84437694299123,0.006040785428513399,99435.71082852222,0.005642891714777797
ARB-USDT-PERP,LONG,2022-11-03 08:00:00+00:00,2022-11-03 12:00:00+00:00,1.1334360975498374,1.1290121538085804,19887.142165704445,4,SL,BULL,-77.62201883780007,19.887142165704446,-97.50916100350452,-0.004903125858458433,99338.20166751872,0.006617983324812812
SUI-USDT-PERP,LONG,2022-11-03 08:00:00+00:00,2022-11-03 12:00:00+00:00,0.5667180487749187,0.5645060769042902,19887.142165704445,4,SL,BULL,-77.62201883780007,19.887142165704446,-97.50916100350452,-0.004903125858458433,99240.69250651522,0.007593074934847828
SOL-USDT-PERP,LONG,2022-11-08 22:00:00+00:00,2022-11-08 23:00:00+00:00,23.05,23.9,19848.138501303045,1,TP,HIGH_VOL,731.9270163170302,19.848138501303044,712.0788778157271,0.03587635574837301,99952.77138433095,0.00047228615669053396
SOL-USDT-PERP,LONG,2022-11-08 23:00:00+00:00,2022-11-09 00:00:00+00:00,23.9,22.6,19990.55427686619,1,SL,HIGH_VOL,-1087.352324683096,19.99055427686619,-1107.342878959962,-0.05539330543933042,98845.42850537099,0.0115457149462901
SOL-USDT-PERP,LONG,2022-11-09 00:00:00+00:00,2022-11-09 01:00:00+00:00,22.6,21.965,19769.0857010742,1,SL,HIGH_VOL,-555.4588239018649,19.7690857010742,-575.2279096029391,-0.02909734513274343,98270.20059576805,0.01729799404231948
SOL-USDT-PERP,LONG,2022-11-09 01:00:00+00:00,2022-11-09 02:00:00+00:00,21.965,21.22,19654.04011915361,1,SL,HIGH_VOL,-666.6177959831303,19.65404011915361,-686.2718361022839,-0.034917596175734165,97583.92875966577,0.024160712403342333
SOL-USDT-PERP,LONG,2022-11-09 02:00:00+00:00,2022-11-09 04:00:00+00:00,21.22,20.84,19516.785751933156,2,SL,HIGH_VOL,-349.49946209870785,19.516785751933156,-369.016247850641,-0.018907634307257257,97214.91251181513,0.027850874881848724
SOL-USDT-PERP,LONG,2022-11-09 04:00:00+00:00,2022-11-09 05:00:00+00:00,20.84,19.3,19442.982502363026,1,SL,HIGH_VOL,-1436.7655016141575,19.442982502363026,-1456.2084841165206,-0.07489635316698652,95758.70402769861,0.04241295972301392
SOL-USDT-PERP,LONG,2022-11-09 05:00:00+00:00,2022-11-09 06:00:00+00:00,19.3,19.005,19151.74080553972,1,SL,HIGH_VOL,-292.7338620535881,19.15174080553972,-311.8856028591278,-0.016284974093264334,95446.81842483948,0.04553181575160517
SOL-USDT-PERP,LONG,2022-11-09 06:00:00+00:00,2022-11-09 07:00:00+00:00,19.005,18.215,19089.3636849679,1,SL,HIGH_VOL,-793.506830366989,19.0893636849679,-812.5961940519569,-0.04256800841883711,94634.22223078752,0.0536577776921248
SOL-USDT-PERP,LONG,2022-11-09 07:00:00+00:00,2022-11-09 08:00:00+00:00,18.215,15.41,18926.844446157505,1,SL,HIGH_VOL,-2914.6197458946913,18.926844446157506,-2933.546590340849,-0.15499396102113644,91700.67564044667,0.08299324359553327
SOL-USDT-PERP,LONG,2022-11-09 08:00:00+00:00,2022-11-09 09:00:00+00:00,15.41,15.08,18340.135128089336,1,SL,HIGH_VOL,-392.7478645210566,18.340135128089337,-411.08799964914596,-0.02241466580142765,91289.58764079753,0.0871041235920247
SOL-USDT-PERP,LONG,2022-11-09 09:00:00+00:00,2022-11-09 10:00:00+00:00,15.08,15.455,18257.917528159505,1,TP,HIGH_VOL,454.0264637307569,18.257917528159506,435.7685462025974,0.023867374005305038,91725.35618700013,0.08274643812999871
SOL-USDT-PERP,LONG,2022-11-09 10:00:00+00:00,2022-11-09 11:00:00+00:00,15.455,17.42,18345.071237400025,1,TP,HIGH_VOL,2332.4532501773583,18.345071237400024,2314.108178939958,0.1261433193141379,94039.46436594009,0.0596053563405991
SOL-USDT-PERP,LONG,2022-11-09 11:00:00+00:00,2022-11-09 12:00:00+00:00,17.42,16.92,18807.89287318802,1,SL,HIGH_VOL,-539.836190390012,18.80789287318802,-558.6440832632001,-0.029702640642939152,93480.82028267688,0.06519179717323118
SOL-USDT-PERP,LONG,2022-11-09 12:00:00+00:00,2022-11-09 13:00:00+00:00,16.92,16.29,18696.164056535377,1,SL,HIGH_VOL,-696.1337680624903,18.696164056535377,-714.8299321190257,-0.03823404255319164,92765.99035055785,0.07234009649442145
SOL-USDT-PERP,LONG,2022-11-09 13:00:00+00:00,2022-11-09 14:00:00+00:00,16.29,16.155,18553.19807011157,1,SL,HIGH_VOL,-153.7557851114196,18.553198070111574,-172.30898318153118,-0.009287292817679435,92593.68136737632,0.07406318632623675
SOL-USDT-PERP,LONG,2022-11-09 14:00:00+00:00,2022-11-09 15:00:00+00:00,16.155,12.835,18518.736273475264,1,SL,HIGH_VOL,-3805.7693858209764,18.518736273475266,-3824.2881220944514,-0.20650913030021661,88769.39324528187,0.1123060675471813
SOL-USDT-PERP,LONG,2022-11-09 15:00:00+00:00,2022-11-09 16:00:00+00:00,12.835,12.94,17753.878649056376,1,TP,HIGH_VOL,145.2401447721773,17.753878649056375,127.48626612312093,0.007180755746006908,88896.87951140499,0.11103120488595014
SOL-USDT-PERP,LONG,2022-11-09 16:00:00+00:00,2022-11-09 17:00:00+00:00,12.94,10.26,17779.375902280997,1,SL,HIGH_VOL,-3682.281871569789,17.779375902280997,-3700.06124747207,-0.2081097372488408,85196.81826393292,0.14803181736067084
SOL-USDT-PERP,LONG,2022-11-09 17:00:00+00:00,2022-11-09 18:00:00+00:00,10.26,10.64,17039.363652786586,1,TP,HIGH_VOL,631.0875426958007,17.039363652786587,614.0481790430141,0.03603703703703711,85810.86644297594,0.14189133557024064
SOL-USDT-PERP,LONG,2022-11-09 18:00:00+00:00,2022-11-09 19:00:00+00:00,10.64,11.16,17162.17328859519,1,TP,HIGH_VOL,838.7528298937491,17.16217328859519,821.5906566051539,0.047872180451127774,86632.4570995811,0.13367542900418905
SOL-USDT-PERP,LONG,2022-11-09 19:00:00+00:00,2022-11-09 20:00:00+00:00,11.16,9.555,17326.49141991622,1,SL,HIGH_VOL,-2491.8475563589195,17.32649141991622,-2509.1740477788358,-0.1448172043010753,84123.28305180225,0.15876716948197747
SOL-USDT-PERP,LONG,2022-11-09 20:00:00+00:00,2022-11-09 21:00:00+00:00,9.555,8.73,16824.656610360453,1,SL,HIGH_VOL,-1452.6783572524712,16.824656610360453,-1469.5030138628317,-0.08734222919937198,82653.78003793942,0.17346219962060583
SOL-USDT-PERP,LONG,2022-11-09 21:00:00+00:00,2022-11-09 22:00:00+00:00,8.73,10.275,16530.756007587883,1,TP,HIGH_VOL,2925.5461662913262,16.530756007587883,2909.015410283738,0.1759759450171821,85562.79544822316,0.14437204551776842
SOL-USDT-PERP,LONG,2022-11-09 22:00:00+00:00,2022-11-09 23:00:00+00:00,10.275,10.61,17112.559089644634,1,TP,HIGH_VOL,557.92771727795,17.112559089644634,540.8151581883054,0.03160340632603398,86103.61060641146,0.13896389393588543
SOL-USDT-PERP,LONG,2022-11-09 23:00:00+00:00,2022-11-10 00:00:00+00:00,10.61,11.06,17220.72212128229,1,TP,HIGH_VOL,730.3793548140482,17.220722121282293,713.1586326927659,0.04141281809613583,86816.76923910422,0.13183230760895778
SOL-USDT-PERP,LONG,2022-11-10 00:00:00+00:00,2022-11-10 01:00:00+00:00,11.06,9.93,17363.353847820847,1,SL,HIGH_VOL,-1774.0135486471581,17.363353847820846,-1791.376902494979,-0.10316998191681742,85025.39233660925,0.14974607663390752
SOL-USDT-PERP,LONG,2022-11-10 01:00:00+00:00,2022-11-10 02:00:00+00:00,9.93,10.6,17005.07846732185,1,TP,HIGH_VOL,1147.3718603328941,17.00507846732185,1130.3667818655722,0.066472306143001,86155.75911847482,0.13844240881525183
SOL-USDT-PERP,LONG,2022-11-13 18:00:00+00:00,2022-11-13 19:00:00+00:00,13.76,13.965,17231.151823694963,1,TP,BEAR,256.7141078384788,17.231151823694965,239.48295601478384,0.013898255813953491,86395.2420744896,0.13604757925510408
SOL-USDT-PERP,LONG,2022-11-13 21:00:00+00:00,2022-11-13 22:00:00+00:00,13.555,13.655,17279.04841489792,1,REGIME_FLIP,BEAR,127.47361427442168,17.279048414897918,110.19456585952376,0.0063773515308004165,86505.43664034911,0.13494563359650885
SOL-USDT-PERP,LONG,2022-11-14 02:00:00+00:00,2022-11-14 03:00:00+00:00,12.535,12.955,17301.087328069825,1,TP,BEAR,579.6933927235202,17.301087328069826,562.3923053954504,0.032506182688472274,87067.82894574456,0.12932171054255437
SOL-USDT-PERP,LONG,2022-11-14 03:00:00+00:00,2022-11-14 04:00:00+00:00,12.955,12.595,17413.565789148914,1,SL,BEAR,-483.8968494090003,17.413565789148915,-501.3104151981492,-0.028788498649170158,86566.51853054641,0.1343348146945359
SOL-USDT-PERP,LONG,2022-11-17 14:00:00+00:00,2022-11-17 15:00:00+00:00,13.215,13.555,17313.303706109284,1,TP,BEAR,445.44254711140024,17.313303706109284,428.12924340529094,0.02472833900870222,86994.6477739517,0.130053522260483
SOL-USDT-PERP,LONG,2022-11-17 15:00:00+00:00,2022-11-17 16:00:00+00:00,13.555,13.4,17398.929554790342,1,SL,BEAR,-198.95493035724766,17.398929554790342,-216.353859912038,-0.012434894872740639,86778.29391403966,0.13221706085960336
SOL-USDT-PERP,LONG,2022-11-17 16:00:00+00:00,2022-11-17 17:00:00+00:00,13.4,13.65,17355.658782807932,1,TP,BEAR,323.79960415686435,17.355658782807932,306.4439453740564,0.017656716417910445,87084.73785941373,0.12915262140586273
SOL-USDT-PERP,LONG,2022-11-17 17:00:00+00:00,2022-11-17 18:00:00+00:00,13.65,13.53,17416.947571882745,1,SL,BEAR,-153.11602260995946,17.416947571882744,-170.5329701818422,-0.009791208791208863,86914.20488923189,0.13085795110768114
SOL-USDT-PERP,LONG,2022-11-17 18:00:00+00:00,2022-11-17 19:00:00+00:00,13.53,13.43,17382.84097784638,1,SL,BEAR,-128.47628217181315,17.382840977846378,-145.85912314965952,-0.008390983000739073,86768.34576608223,0.1323165423391777
SOL-USDT-PERP,LONG,2022-11-17 19:00:00+00:00,2022-11-17 20:00:00+00:00,13.43,13.55,17353.669153216448,1,TP,BEAR,155.05884574728154,17.353669153216448,137.70517659406508,0.00793521965748332,86906.0509426763,0.13093949057323698
SOL-USDT-PERP,LONG,2022-11-17 20:00:00+00:00,2022-11-17 21:00:00+00:00,13.55,13.665,17381.21018853526,1,TP,BEAR,147.51580602815704,17.38121018853526,130.1345958396218,0.007487084870848594,87036.18553851593,0.12963814461484072
SOL-USDT-PERP,LONG,2022-11-17 21:00:00+00:00,2022-11-17 22:00:00+00:00,13.665,13.645,17407.237107703186,1,REGIME_FLIP,BEAR,-25.477112488405147,17.407237107703185,-42.884349596108336,-0.0024635931211123,86993.30118891982,0.13006698811080175
SOL-USDT-PERP,LONG,2022-11-17 23:00:00+00:00,2022-11-18 00:00:00+00:00,13.64,13.745,17398.660237783966,1,REGIME_FLIP,BEAR,133.9339681061065,17.398660237783968,116.53530786832253,0.006697947214076146,87109.83649678815,0.1289016350321185
SOL-USDT-PERP,LONG,2022-11-18 00:00:00+00:00,2022-11-18 01:00:00+00:00,13.745,13.595,17421.96729935763,1,SL,BEAR,-190.1269621610491,17.421967299357632,-207.54892946040673,-0.011913059294288729,86902.28756732774,0.13097712432672254
SOL-USDT-PERP,LONG,2022-11-18 16:00:00+00:00,2022-11-18 17:00:00+00:00,13.25,13.08,17380.45751346555,1,SL,BEAR,-222.99454922936923,17.38045751346555,-240.37500674283478,-0.013830188679245278,86661.91256058491,0.1333808743941509
SOL-USDT-PERP,LONG,2022-11-18 17:00:00+00:00,2022-11-18 18:00:00+00:00,13.08,13.05,17332.382512116983,1,REGIME_FLIP,BEAR,-39.75317089935003,17.332382512116983,-57.08555341146702,-0.0032935779816513273,86604.82700717344,0.13395172992826557
SOL-USDT-PERP,LONG,2022-11-18 18:00:00+00:00,2022-11-18 19:00:00+00:00,13.05,13.16,17320.96540143469,1,TP,BEAR,146.0004746481077,17.320965401434687,128.67950924667304,0.007429118773946316,86733.50651642012,0.13266493483579878
SOL-USDT-PERP,LONG,2022-11-18 19:00:00+00:00,2022-11-18 20:00:00+00:00,13.16,13.185,17346.701303284026,1,REGIME_FLIP,BEAR,32.95345992265249,17.346701303284025,15.606758619368467,0.0008996960486322459,86749.11327503949,0.1325088672496051
SOL-USDT-PERP,LONG,2022-11-18 20:00:00+00:00,2022-11-18 21:00:00+00:00,13.185,13.245,17349.822655007898,1,REGIME_FLIP,BEAR,78.95254905577941,17.349822655007898,61.602726400771516,0.00355062571103517,86810.71600144026,0.1318928399855974
SOL-USDT-PERP,LONG,2022-11-18 21:00:00+00:00,2022-11-18 22:00:00+00:00,13.245,13.165,17362.143200288054,1,SL,BEAR,-104.86760709875769,17.362143200288052,-122.22975029904575,-0.007040015100037756,86688.48625114122,0.13311513748858778
SOL-USDT-PERP,LONG,2022-11-21 15:00:00+00:00,2022-11-21 16:00:00+00:00,11.915,11.805,17337.697250228244,1,SL,BEAR,-160.06266869702873,17.337697250228246,-177.40036594725697,-0.010232060428031845,86511.08588519397,0.1348891411480603
SOL-USDT-PERP,LONG,2022-11-21 18:00:00+00:00,2022-11-21 19:00:00+00:00,11.625,11.405,17302.217177038794,1,SL,BEAR,-327.4398089418104,17.302217177038795,-344.7420261188492,-0.019924731182795755,86166.34385907512,0.13833656140924883
SOL-USDT-PERP,LONG,2022-11-21 19:00:00+00:00,2022-11-21 20:00:00+00:00,11.405,11.54,17233.268771815023,1,TP,BEAR,203.98871408987503,17.233268771815023,186.75544531806,0.010836913634370872,86353.09930439318,0.1364690069560682
SOL-USDT-PERP,LONG,2022-11-22 15:00:00+00:00,2022-11-22 16:00:00+00:00,12.05,11.855,17270.619860878636,1,SL,BEAR,-279.4830599893227,17.270619860878636,-296.75367985020137,-0.017182572614107907,86056.34562454298,0.13943654375457015
SOL-USDT-PERP,LONG,2022-11-22 18:00:00+00:00,2022-11-22 19:00:00+00:00,11.795,11.82,17211.2691249086,1,REGIME_FLIP,BEAR,36.48001086246046,17.211269124908597,19.268741737551863,0.0011195421788893903,86075.61436628054,0.1392438563371946
SOL-USDT-PERP,LONG,2022-11-22 22:00:00+00:00,2022-11-22 23:00:00+00:00,12.255,12.43,17215.12287325611,1,TP,BEAR,245.8299879901918,17.21512287325611,228.61486511693568,0.013279885760913823,86304.22923139748,0.13695770768602525
ARB-USDT-PERP,LONG,2022-11-23 12:00:00+00:00,2022-11-23 17:00:00+00:00,1.3152065726172038,1.3262807749745498,17260.845846279495,5,TP,BULL,145.3384614557349,17.260845846279494,128.0776156094554,0.007420123947000083,86432.30684700693,0.13567693152993074
SUI-USDT-PERP,LONG,2022-11-23 12:00:00+00:00,2022-11-23 17:00:00+00:00,0.6576032863086019,0.6631403874872749,17260.845846279495,5,TP,BULL,145.3384614557349,17.260845846279494,128.0776156094554,0.007420123947000083,86560.38446261638,0.13439615537383623
ARB-USDT-PERP,LONG,2022-11-23 18:00:00+00:00,2022-11-23 22:00:00+00:00,1.3321007942122423,1.3247336045133633,17312.076892523277,4,SL,BULL,-95.74452256386596,17.312076892523276,-113.05659945638924,-0.006530504696707766,86447.32786315998,0.1355267213684002
SUI-USDT-PERP,LONG,2022-11-23 18:00:00+00:00,2022-11-23 22:00:00+00:00,0.6660503971061211,0.6623668022566817,17312.076892523277,4,SL,BULL,-95.74452256386596,17.312076892523276,-113.05659945638924,-0.006530504696707766,86334.27126370359,0.13665728736296412
ARB-USDT-PERP,LONG,2022-11-23 22:00:00+00:00,2022-11-23 23:00:00+00:00,1.3247336045133633,1.3201919725651676,17289.465572631998,1,SL,BULL,-59.27409778416524,17.289465572631997,-76.56356335679723,-0.00442833603127629,86257.70770034679,0.13742292299653214
SUI-USDT-PERP,LONG,2022-11-23 22:00:00+00:00,2022-11-23 23:00:00+00:00,0.6623668022566817,0.6600959862825838,17266.85425274072,1,SL,BULL,-59.19657858146726,17.266854252740718,-76.46343283420798,-0.00442833603127629,86181.24426751258,0.13818755732487423
ARB-USDT-PERP,LONG,2022-11-24 01:00:00+00:00,2022-11-24 02:00:00+00:00,1.3212888447049531,1.3130488656497532,17236.248853502515,1,SL,BULL,-107.49075049883507,17.236248853502516,-124.72699935233759,-0.007236319248604506,86056.51726816024,0.1394348273183976
SUI-USDT-PERP,LONG,2022-11-24 01:00:00+00:00,2022-11-24 02:00:00+00:00,0.6606444223524766,0.6565244328248766,17236.248853502515,1,SL,BULL,-107.49075049883507,17.236248853502516,-124.72699935233759,-0.007236319248604506,85931.7902688079,0.14068209731192094
SOL-USDT-PERP,LONG,2022-11-24 10:00:00+00:00,2022-11-24 12:00:00+00:00,14.015,14.125,17186.35805376158,2,TP,HIGH_VOL,134.89114419648692,17.18635805376158,117.70478614272534,0.006848733499821579,86049.49505495063,0.1395050494504937
SOL-USDT-PERP,LONG,2022-11-24 12:00:00+00:00,2022-11-24 13:00:00+00:00,14.125,14.39,17209.899010990128,1,TP,HIGH_VOL,322.8759814451252,17.209899010990128,305.6660824341351,0.017761061946902697,86355.16113738477,0.1364483886261523
SOL-USDT-PERP,LONG,2022-11-24 13:00:00+00:00,2022-11-24 14:00:00+00:00,14.39,14.32,17271.032227476953,1,SL,HIGH_VOL,-84.01475023790073,17.271032227476955,-101.28578246537768,-0.005864489228631013,86253.8753549194,0.13746124645080607
SOL-USDT-PERP,LONG,2022-11-24 14:00:00+00:00,2022-11-24 15:00:00+00:00,14.32,14.415,17250.77507098388,1,TP,HIGH_VOL,114.44299104353694,17.25077507098388,97.19221597255306,0.005634078212290423,86351.06757089194,0.13648932429108054
SOL-USDT-PERP,LONG,2022-11-24 15:00:00+00:00,2022-11-24 16:00:00+00:00,14.415,14.66,17270.21351417839,1,TP,HIGH_VOL,293.5277357595368,17.27021351417839,276.2575222453584,0.015996184530003538,86627.3250931373,0.13372674906862697
SOL-USDT-PERP,LONG,2022-11-24 16:00:00+00:00,2022-11-24 17:00:00+00:00,14.66,14.505,17325.465018627463,1,SL,HIGH_VOL,-183.1819289145461,17.32546501862746,-200.50739393317355,-0.011572987721691633,86426.81769920413,0.13573182300795875
SOL-USDT-PERP,LONG,2022-11-24 19:00:00+00:00,2022-11-24 20:00:00+00:00,14.43,14.33,17285.363539840826,1,SL,HIGH_VOL,-119.78768911878562,17.285363539840827,-137.07305265862644,-0.007930006930006905,86289.7446465455,0.137102553534545
SOL-USDT-PERP,LONG,2022-11-24 21:00:00+00:00,2022-11-24 22:00:00+00:00,14.45,14.575,17257.9489293091,1,TP,HIGH_VOL,149.2902156514628,17.257948929309098,132.0322667221537,0.007650519031141869,86421.77691326765,0.13578223086732352
SOL-USDT-PERP,LONG,2022-11-28 11:00:00+00:00,2022-11-28 12:00:00+00:00,13.435,13.28,17284.35538265353,1,SL,BULL,-199.4101290890448,17.284355382653533,-216.69448447169833,-0.012537030145143367,86205.08242879595,0.13794917571204046
SOL-USDT-PERP,LONG,2022-11-28 12:00:00+00:00,2022-11-28 13:00:00+00:00,13.28,13.3,17241.01648575919,1,REGIME_FLIP,BEAR,25.965386273735476,17.241016485759193,8.724369787976283,0.0005060240963856438,86213.80679858393,0.1378619320141607
SOL-USDT-PERP,LONG,2022-11-28 13:00:00+00:00,2022-11-28 14:00:00+00:00,13.3,13.255,17242.761359716787,1,SL,BEAR,-58.340170014079256,17.242761359716788,-75.58293137379604,-0.004383458646616535,86138.22386721014,0.13861776132789863
SOL-USDT-PERP,LONG,2022-11-28 14:00:00+00:00,2022-11-28 15:00:00+00:00,13.255,13.245,17227.64477344203,1,REGIME_FLIP,BEAR,-12.99709149260258,17.22764477344203,-30.22473626604461,-0.0017544322897021171,86107.9991309441,0.13892000869055904
SOL-USDT-PERP,LONG,2022-11-28 15:00:00+00:00,2022-11-28 16:00:00+00:00,13.245,13.53,17221.59982618882,1,TP,BEAR,370.56670067676987,17.22159982618882,353.34510085058105,0.020517553793884497,86461.34423179468,0.13538655768205324
SOL-USDT-PERP,LONG,2022-11-28 16:00:00+00:00,2022-11-28 17:00:00+00:00,13.53,13.405,17292.268846358937,1,SL,BEAR,-159.7585813595615,17.292268846358937,-177.05085020592043,-0.010238728750923872,86284.29338158875,0.13715706618411247
DOGE-USDT-PERP,LONG,2022-11-29 08:00:00+00:00,2022-11-29 10:00:00+00:00,0.103,0.10198,17256.85867631775,2,SL,BULL,-170.89316359071833,17.25685867631775,-188.1500222670361,-0.010902912621359158,86096.14335932172,0.13903856640678278
DOGE-USDT-PERP,LONG,2022-11-29 11:00:00+00:00,2022-11-29 12:00:00+00:00,0.10383,0.10338,17219.228671864345,1,SL,BULL,-74.62826641952284,17.219228671864347,-91.84749509138719,-0.005334007512279745,86004.29586423034,0.13995704135769657
SOL-USDT-PERP,LONG,2022-11-29 12:00:00+00:00,2022-11-29 13:00:00+00:00,13.585,13.525,17219.228671864345,1,SL,BEAR,-76.0510651683378,17.219228671864347,-93.27029384020214,-0.0054166359955834,85911.02557039013,0.14088974429609866
SOL-USDT-PERP,LONG,2022-11-29 13:00:00+00:00,2022-11-29 14:00:00+00:00,13.525,13.43,17182.205114078028,1,SL,BEAR,-120.68831688261912,17.182205114078027,-137.87052199669714,-0.008024029574861414,85773.15504839344,0.1422684495160656
SOL-USDT-PERP,LONG,2022-11-29 14:00:00+00:00,2022-11-29 15:00:00+00:00,13.43,13.425,17154.631009678687,1,REGIME_FLIP,BEAR,-6.386683175605091,17.15463100967869,-23.54131418528378,-0.001372300819061728,85749.61373420816,0.14250386265791837
DOGE-USDT-PERP,LONG,2022-11-29 14:00:00+00:00,2022-11-29 16:00:00+00:00,0.1014,0.10046,17154.631009678687,2,SL,BULL,-159.02715137177654,17.15463100967869,-176.18178238145524,-0.010270216962524756,85573.43195182671,0.14426568048173286
SOL-USDT-PERP,LONG,2022-11-29 16:00:00+00:00,2022-11-29 17:00:00+00:00,13.375,13.34,17149.922746841632,1,REGIME_FLIP,BEAR,-44.878302515099776,17.149922746841632,-62.02822526194141,-0.0036168224299065526,85511.40372656478,0.14488596273435222
SOL-USDT-PERP,LONG,2022-11-29 17:00:00+00:00,2022-11-29 18:00:00+00:00,13.34,13.36,17102.280745312957,1,REGIME_FLIP,BEAR,25.64060081756011,17.102280745312957,8.538320072247153,0.0004992503748125619,85519.94204663702,0.1448005795336298
SOL-USDT-PERP,LONG,2022-11-29 18:00:00+00:00,2022-11-29 19:00:00+00:00,13.36,13.4,17103.988409327405,1,REGIME_FLIP,BEAR,51.209546135711975,17.103988409327407,34.10555772638457,0.0019940119760479733,85554.04760436341,0.14445952395636588
SOL-USDT-PERP,LONG,2022-11-29 19:00:00+00:00,2022-11-29 20:00:00+00:00,13.4,13.38,17110.809520872685,1,REGIME_FLIP,BEAR,-25.53852167294376,17.110809520872685,-42.649331193816444,-0.002492537313432804,85511.3982731696,0.144886017268304
SOL-USDT-PERP,LONG,2022-12-02 04:00:00+00:00,2022-12-02 05:00:00+00:00,13.435,13.46,17102.27965463392,1,REGIME_FLIP,BEAR,31.824115471965317,17.10227965463392,14.721835817331396,0.0008608113137328137,85526.12010898693,0.14473879891013072
SOL-USDT-PERP,LONG,2022-12-02 05:00:00+00:00,2022-12-02 06:00:00+00:00,13.46,13.425,17105.224021797385,1,REGIME_FLIP,BEAR,-44.47866573275712,17.105224021797387,-61.583889754554505,-0.0036002971768202183,85464.53621923238,0.14535463780767618
SOL-USDT-PERP,LONG,2022-12-02 06:00:00+00:00,2022-12-02 07:00:00+00:00,13.425,13.505,17092.907243846475,1,REGIME_FLIP,BEAR,101.85717538232545,17.092907243846476,84.76426813847897,0.004959031657355685,85549.30048737086,0.14450699512629145
SOL-USDT-PERP,LONG,2022-12-02 07:00:00+00:00,2022-12-02 08:00:00+00:00,13.505,13.545,17109.86009747417,1,REGIME_FLIP,BEAR,50.67711246937817,17.109860097474172,33.567252371904004,0.0019618659755645425,85582.86773974275,0.14417132260257248
SOL-USDT-PERP,LONG,2022-12-02 08:00:00+00:00,2022-12-02 09:00:00+00:00,13.545,13.525,17116.573547948552,1,REGIME_FLIP,BEAR,-25.273641266811644,17.11657354794855,-42.3902148147602,-0.0024765596160944685,85540.47752492799,0.1445952247507201
SOL-USDT-PERP,LONG,2022-12-02 10:00:00+00:00,2022-12-02 11:00:00+00:00,13.555,13.595,17108.0955049856,1,REGIME_FLIP,BEAR,50.48497382511544,17.1080955049856,33.37687832012984,0.0019509406123202453,85573.85440324811,0.14426145596751885
ARB-USDT-PERP,LONG,2022-12-03 08:00:00+00:00,2022-12-03 09:00:00+00:00,1.273744503678222,1.270312052756172,17114.770880649623,1,REGIME_FLIP,BEAR,-46.120403990219074,17.114770880649623,-63.2351748708687,-0.0036947719202226614,85510.61922837724,0.1448938077162276
SUI-USDT-PERP,LONG,2022-12-03 08:00:00+00:00,2022-12-03 09:00:00+00:00,0.636872251839111,0.635156026378086,17114.770880649623,1,REGIME_FLIP,BEAR,-46.120403990219074,17.114770880649623,-63.2351748708687,-0.0036947719202226614,85447.38405350636,0.14552615946493636
ARB-USDT-PERP,SHORT,2022-12-08 01:00:00+00:00,2022-12-08 11:00:00+00:00,1.258767820739443,1.2461920805731255,17089.476810701275,10,TP,BEAR,170.732693042186,27.636918696893005,143.09577434529302,0.008373326809846381,85590.47982785165,0.14409520172148346
SUI-USDT-PERP,SHORT,2022-12-08 01:00:00+00:00,2022-12-08 11:00:00+00:00,0.6293839103697215,0.6230960402865627,17089.476810701275,10,TP,BEAR,170.732693042186,27.636918696893005,143.09577434529302,0.008373326809846381,85733.57560219694,0.14266424397803057
ARB-USDT-PERP,SHORT,2022-12-08 11:00:00+00:00,2022-12-08 12:00:00+00:00,1.2461920805731255,1.2519838759855546,17118.09596557033,1,SL,BEAR,-79.55796801189366,17.11809596557033,-96.676063977464,-0.005647594462135789,85636.89953821948,0.14363100461780515
SUI-USDT-PERP,SHORT,2022-12-08 11:00:00+00:00,2022-12-08 12:00:00+00:00,0.6230960402865627,0.6259919379927773,17146.71512043939,1,SL,BEAR,-79.6909782375741,17.14671512043939,-96.8376933580135,-0.005647594462135789,85540.06184486147,0.1445993815513853
ARB-USDT-PERP,SHORT,2022-12-08 12:00:00+00:00,2022-12-08 14:00:00+00:00,1.2519838759855546,1.2567716725048246,17127.3799076439,2,SL,BEAR,-65.49797603541823,17.1273799076439,-82.62535594306213,-0.004824167875565525,85457.4364889184,0.14542563511081594
SUI-USDT-PERP,SHORT,2022-12-08 12:00:00+00:00,2022-12-08 14:00:00+00:00,0.6259919379927773,0.6283858362524123,17108.012368972293,2,SL,BEAR,-65.42391131620151,17.108012368972293,-82.53192368517381,-0.004824167875565526,85374.90456523323,0.14625095434766772
ARB-USDT-PERP,SHORT,2022-12-08 14:00:00+00:00,2022-12-08 18:00:00+00:00,1.2567716725048246,1.2632289918101975,17091.487297783682,4,SL,BEAR,-87.81642147101444,17.091487297783683,-104.90790876879812,-0.006138021047612511,85269.99665646443,0.14730003343535572
SUI-USDT-PERP,SHORT,2022-12-08 14:00:00+00:00,2022-12-08 18:00:00+00:00,0.6283858362524123,0.6316144959050988,17074.980913046646,4,SL,BEAR,-87.73161131881555,17.074980913046645,-104.8065922318622,-0.006138021047612511,85165.19006423256,0.14834809935767437
ARB-USDT-PERP,SHORT,2022-12-10 16:00:00+00:00,2022-12-10 19:00:00+00:00,1.248688609126723,1.254419881082019,17033.038012846515,3,SL,BEAR,-78.17879682973127,17.033038012846514,-95.21183484257779,-0.005589832816128745,85069.97822938999,0.14930021770610008
SUI-USDT-PERP,SHORT,2022-12-10 16:00:00+00:00,2022-12-10 19:00:00+00:00,0.6243443045633615,0.6272099405410095,17033.038012846515,3,SL,BEAR,-78.17879682973127,17.033038012846514,-95.21183484257779,-0.005589832816128745,84974.76639454742,0.15025233605452581
ARB-USDT-PERP,SHORT,2022-12-14 05:00:00+00:00,2022-12-14 06:00:00+00:00,1.3584520254627417,1.356796182098132,16994.953278909485,1,REGIME_FLIP,BULL,20.715476212086063,16.994953278909485,3.7205229331765786,0.0002189192798660823,84978.4869174806,0.15021513082519405
SUI-USDT-PERP,SHORT,2022-12-14 05:00:00+00:00,2022-12-14 06:00:00+00:00,0.6792260127313708,0.678398091049066,16994.953278909485,1,REGIME_FLIP,BULL,20.715476212086063,16.994953278909485,3.7205229331765786,0.0002189192798660823,84982.20744041377,0.15017792559586232
ARB-USDT-PERP,SHORT,2022-12-14 06:00:00+00:00,2022-12-14 07:00:00+00:00,1.356796182098132,1.361637191001503,16995.69738349612,1,SL,BULL,-60.64014878437623,16.995697383496122,-77.63584616787236,-0.004567970611389068,84904.57159424589,0.15095428405754108
SUI-USDT-PERP,SHORT,2022-12-14 06:00:00+00:00,2022-12-14 07:00:00+00:00,0.678398091049066,0.6808185955007515,16996.441488082753,1,SL,BULL,-60.64280372767313,16.996441488082755,-77.63924521575589,-0.004567970611389068,84826.93234903013,0.15173067650969868
ARB-USDT-PERP,SHORT,2022-12-14 07:00:00+00:00,2022-12-14 08:00:00+00:00,1.361637191001503,1.3599551468046016,16980.91431884918,1,REGIME_FLIP,BULL,20.97669524368124,16.98091431884918,3.9957809248320615,0.00023531011639324148,84830.92812995496,0.15169071870045037
SUI-USDT-PERP,SHORT,2022-12-14 07:00:00+00:00,2022-12-14 08:00:00+00:00,0.6808185955007515,0.6799775734023008,16965.386469806028,1,REGIME_FLIP,BULL,20.957513534672408,16.965386469806027,3.9921270648663807,0.00023531011639324148,84834.92025701982,0.15165079742980175
ARB-USDT-PERP,SHORT,2022-12-14 08:00:00+00:00,2022-12-14 09:00:00+00:00,1.3599551468046016,1.3596252841736307,16966.185625990995,1,REGIME_FLIP,BULL,4.115217065268532,16.966185625990995,-12.850968560722464,-0.0007574459483123708,84822.0692884591,0.15177930711540902
SUI-USDT-PERP,SHORT,2022-12-14 08:00:00+00:00,2022-12-14 09:00:00+00:00,0.6799775734023008,0.6798126420868154,16966.984051403964,1,REGIME_FLIP,BULL,4.1154107265874185,16.966984051403966,-12.851573324816547,-0.0007574459483123708,84809.21771513428,0.15190782284865723
ARB-USDT-PERP,SHORT,2022-12-14 10:00:00+00:00,2022-12-14 11:00:00+00:00,1.3612888158144105,1.361550957464709,16961.843543026855,1,REGIME_FLIP,BULL,-3.2663205682883345,16.961843543026855,-20.22816411131519,-0.001192568724030658,84788.98955102295,0.15211010448977044
SUI-USDT-PERP,SHORT,2022-12-14 10:00:00+00:00,2022-12-14 11:00:00+00:00,0.6806444079072053,0.6807754787323546,16961.843543026855,1,REGIME_FLIP,BULL,-3.2663205682883345,16.961843543026855,-20.22816411131519,-0.001192568724030658,84768.76138691163,0.1523123861308837
ARB-USDT-PERP,SHORT,2022-12-14 11:00:00+00:00,2022-12-14 12:00:00+00:00,1.361550957464709,1.36572826804816,16957.79791020459,1,SL,BULL,-52.027423794863104,16.95779791020459,-68.98522170506769,-0.0040680530615095295,84699.77616520657,0.15300223834793433
SUI-USDT-PERP,SHORT,2022-12-14 11:00:00+00:00,2022-12-14 12:00:00+00:00,0.6807754787323546,0.68286413402408,16953.752277382326,1,SL,BULL,-52.01501157869701,16.953752277382325,-68.96876385607933,-0.0040680530615095295,84630.80740135048,0.1536919259864952
ARB-USDT-PERP,SHORT,2022-12-14 12:00:00+00:00,2022-12-14 13:00:00+00:00,1.36572826804816,1.3674230689404145,16939.955233041313,1,REGIME_FLIP,BULL,-21.02164238332877,16.939955233041314,-37.961597616370085,-0.0022409502914344276,84592.8458037341,0.15407154196265896
SUI-USDT-PERP,SHORT,2022-12-14 12:00:00+00:00,2022-12-14 13:00:00+00:00,0.68286413402408,0.6837115344702073,16926.161480270097,1,REGIME_FLIP,BULL,-21.004525021807357,16.926161480270096,-37.93068650207745,-0.002240950291434427,84554.91511723203,0.15445084882767973
ARB-USDT-PERP,SHORT,2022-12-14 13:00:00+00:00,2022-12-14 14:00:00+00:00,1.3674230689404145,1.3650483008444096,16918.56916074682,1,REGIME_FLIP,BULL,29.382039242709787,16.918569160746824,12.463470081962964,0.0007366740037851286,84567.37858731399,0.15432621412686015
SUI-USDT-PERP,SHORT,2022-12-14 13:00:00+00:00,2022-12-14 14:00:00+00:00,0.6837115344702073,0.6825241504222048,16910.983023446406,1,REGIME_FLIP,BULL,29.368864595271013,16.910983023446406,12.457881571824608,0.0007366740037851289,84579.83646888581,0.15420163531114187
ARB-USDT-PERP,SHORT,2022-12-14 14:00:00+00:00,2022-12-14 15:00:00+00:00,1.3650483008444096,1.3675973732120095,16913.4757174628,1,REGIME_FLIP,BULL,-31.583991251287753,16.9134757174628,-48.49746696875055,-0.0028673862060580465,84531.33900191706,0.1546866099808294
SUI-USDT-PERP,SHORT,2022-12-14 14:00:00+00:00,2022-12-14 15:00:00+00:00,0.6825241504222048,0.6837986866060047,16915.967293777165,1,REGIME_FLIP,BULL,-31.588643986528538,16.915967293777165,-48.5046112803057,-0.0028673862060580465,84482.83439063675,0.15517165609363248
ARB-USDT-PERP,SHORT,2022-12-14 15:00:00+00:00,2022-12-14 16:00:00+00:00,1.3675973732120095,1.3724487287190752,16906.26780038341,1,SL,BULL,-59.97255990970908,16.90626780038341,-76.87882771009248,-0.004547356555439691,84405.95556292665,0.15594044437073346
SUI-USDT-PERP,SHORT,2022-12-14 15:00:00+00:00,2022-12-14 16:00:00+00:00,0.6837986866060047,0.6862243643595376,16896.566878127353,1,SL,BULL,-59.938147279550236,16.896566878127352,-76.83471415767758,-0.004547356555439691,84329.12084876897,0.15670879151231026
ARB-USDT-PERP,SHORT,2022-12-14 16:00:00+00:00,2022-12-14 17:00:00+00:00,1.3724487287190752,1.3728915669745672,16881.191112585333,1,REGIME_FLIP,BULL,-5.446933693399835,16.881191112585334,-22.32812480598517,-0.0013226628771081808,84306.792723963,0.15693207276037008
SUI-USDT-PERP,SHORT,2022-12-14 16:00:00+00:00,2022-12-14 17:00:00+00:00,0.6862243643595376,0.6864457834872836,16865.824169753796,1,REGIME_FLIP,BULL,-5.441975351413454,16.865824169753797,-22.30779952116725,-0.0013226628771081808,84284.48492444183,0.1571551507555817
ARB-USDT-PERP,SHORT,2022-12-14 18:00:00+00:00,2022-12-14 19:00:00+00:00,1.372665048760597,1.3738692891713984,16856.896984888368,1,REGIME_FLIP,BULL,-14.788572469481215,16.85689698488837,-31.645469454369582,-0.00187730099334051,84252.83945498746,0.15747160545012534
SUI-USDT-PERP,SHORT,2022-12-14 18:00:00+00:00,2022-12-14 19:00:00+00:00,0.6863325243802985,0.6869346445856992,16856.896984888368,1,REGIME_FLIP,BULL,-14.788572469481215,16.85689698488837,-31.645469454369582,-0.00187730099334051,84221.1939855331,0.157788060144669
ARB-USDT-PERP,SHORT,2022-12-14 19:00:00+00:00,2022-12-14 20:00:00+00:00,1.3738692891713984,1.376480528179909,16850.567890997492,1,REGIME_FLIP,BULL,-32.02696249151022,16.850567890997493,-48.877530382507715,-0.002900645883194287,84172.31645515059,0.1582768354484941
SUI-USDT-PERP,SHORT,2022-12-14 19:00:00+00:00,2022-12-14 20:00:00+00:00,0.6869346445856992,0.6882402640899545,16844.23879710662,1,REGIME_FLIP,BULL,-32.01493312526218,16.84423879710662,-48.8591719223688,-0.0029006458831942867,84123.45728322823,0.15876542716771772
ARB-USDT-PERP,SHORT,2022-12-15 04:00:00+00:00,2022-12-15 05:00:00+00:00,1.373010503103451,1.371959239191399,16824.691456645647,1,REGIME_FLIP,BULL,12.882050734353976,16.82469145664565,-3.9426407222916726,-0.00023433658396952977,84119.51464250594,0.15880485357494065
SUI-USDT-PERP,SHORT,2022-12-15 04:00:00+00:00,2022-12-15 05:00:00+00:00,0.6865052515517255,0.6859796195956995,16824.691456645647,1,REGIME_FLIP,BULL,12.882050734353976,16.82469145664565,-3.9426407222916726,-0.00023433658396952977,84115.57200178364,0.15884427998216358
ARB-USDT-PERP,SHORT,2022-12-15 08:00:00+00:00,2022-12-15 09:00:00+00:00,1.3718809465243105,1.3704279425550379,16823.114400356728,1,REGIME_FLIP,BULL,17.81791055643359,16.82311440035673,0.994796156076859,5.913269876211296e-05,84116.56679793973,0.15883433202060274
SUI-USDT-PERP,SHORT,2022-12-15 08:00:00+00:00,2022-12-15 09:00:00+00:00,0.6859404732621552,0.6852139712775189,16823.114400356728,1,REGIME_FLIP,BULL,17.81791055643359,16.82311440035673,0.994796156076859,5.913269876211296e-05,84117.56159409581,0.15882438405904192
ARB-USDT-PERP,SHORT,2022-12-17 14:00:00+00:00,2022-12-17 15:00:00+00:00,1.3595813510096073,1.3572528784112123,16823.51231881916,1,REGIME_FLIP,BULL,28.812610156826015,16.823512318819162,11.989097838006852,0.0007126394067305182,84129.55069193382,0.15870449308066178
SUI-USDT-PERP,SHORT,2022-12-17 14:00:00+00:00,2022-12-17 15:00:00+00:00,0.6797906755048037,0.6786264392056062,16823.51231881916,1,REGIME_FLIP,BULL,28.812610156826015,16.823512318819162,11.989097838006852,0.0007126394067305182,84141.53978977184,0.15858460210228165
ARB-USDT-PERP,SHORT,2022-12-17 16:00:00+00:00,2022-12-17 17:00:00+00:00,1.3641678132594843,1.3681565471772226,16828.307957954366,1,REGIME_FLIP,BULL,-49.20482808464346,16.828307957954365,-66.03313604259782,-0.003923931996465837,84075.50665372924,0.15924493346270757
SUI-USDT-PERP,SHORT,2022-12-17 16:00:00+00:00,2022-12-17 17:00:00+00:00,0.6820839066297422,0.6840782735886113,16828.307957954366,1,REGIME_FLIP,BULL,-49.20482808464346,16.828307957954365,-66.03313604259782,-0.003923931996465837,84009.47351768665,0.15990526482313347
ARB-USDT-PERP,SHORT,2022-12-17 17:00:00+00:00,2022-12-17 18:00:00+00:00,1.3681565471772226,1.3689565038183553,16815.10133074585,1,REGIME_FLIP,BULL,-9.831734539883653,16.81510133074585,-26.646835870629502,-0.0015846967167486917,83982.82668181602,0.1601717331818398
SUI-USDT-PERP,SHORT,2022-12-17 17:00:00+00:00,2022-12-17 18:00:00+00:00,0.6840782735886113,0.6844782519091777,16801.89470353733,1,REGIME_FLIP,BULL,-9.82401266831551,16.801894703537332,-26.62590737185284,-0.0015846967167486917,83956.20077444417,0.16043799225555835
ARB-USDT-PERP,SHORT,2022-12-18 13:00:00+00:00,2022-12-18 14:00:00+00:00,1.3615339229705883,1.3604476235820762,16791.240154888834,1,REGIME_FLIP,BULL,13.396885384110984,16.791240154888833,-3.3943547707778485,-0.0002021503319270655,83952.80641967339,0.1604719358032661
SUI-USDT-PERP,SHORT,2022-12-18 13:00:00+00:00,2022-12-18 14:00:00+00:00,0.6807669614852941,0.6802238117910381,16791.240154888834,1,REGIME_FLIP,BULL,13.396885384110984,16.791240154888833,-3.3943547707778485,-0.0002021503319270655,83949.41206490262,0.16050587935097385
ARB-USDT-PERP,SHORT,2022-12-18 15:00:00+00:00,2022-12-18 16:00:00+00:00,1.3577083357205812,1.348260295202405,16789.882412980525,1,REGIME_FLIP,BULL,116.83767798999638,16.789882412980525,100.04779557701585,0.005958814547722342,84049.45986047963,0.15950540139520367
SUI-USDT-PERP,SHORT,2022-12-18 15:00:00+00:00,2022-12-18 16:00:00+00:00,0.6788541678602906,0.6741301476012025,16789.882412980525,1,REGIME_FLIP,BULL,116.83767798999638,16.789882412980525,100.04779557701585,0.005958814547722342,84149.50765605665,0.15850492343943348
ARB-USDT-PERP,SHORT,2022-12-18 17:00:00+00:00,2022-12-18 18:00:00+00:00,1.3457765968591917,1.3492361059762108,16829.90153121133,1,REGIME_FLIP,BULL,-43.26364265929569,16.82990153121133,-60.09354419050702,-0.0035706414609177925,84089.41411186615,0.1591058588813385
SUI-USDT-PERP,SHORT,2022-12-18 17:00:00+00:00,2022-12-18 18:00:00+00:00,0.6728882984295959,0.6746180529881054,16829.90153121133,1,REGIME_FLIP,BULL,-43.26364265929569,16.82990153121133,-60.09354419050702,-0.0035706414609177925,84029.32056767565,0.15970679432324353
ARB-USDT-PERP,SHORT,2022-12-18 18:00:00+00:00,2022-12-18 19:00:00+00:00,1.3492361059762108,1.3481099731709472,16817.88282237323,1,REGIME_FLIP,BULL,14.036957266016273,16.81788282237323,-2.7809255563569586,-0.00016535527008533006,84026.53964211929,0.15973460357880714
SUI-USDT-PERP,SHORT,2022-12-18 18:00:00+00:00,2022-12-18 19:00:00+00:00,0.6746180529881054,0.6740549865854736,16805.86411353513,1,REGIME_FLIP,BULL,14.026925914024176,16.805864113535133,-2.778938199510957,-0.00016535527008533003,84023.76070391978,0.15976239296080225
ARB-USDT-PERP,SHORT,2022-12-18 19:00:00+00:00,2022-12-18 20:00:00+00:00,1.3481099731709472,1.3512687994483972,16805.30792842386,1,REGIME_FLIP,BULL,-39.377387113367824,16.80530792842386,-56.18269504179169,-0.003343151775681921,83967.57800887799,0.16032421991122014
SUI-USDT-PERP,SHORT,2022-12-18 19:00:00+00:00,2022-12-18 20:00:00+00:00,0.6740549865854736,0.6756343997241986,16804.752140783956,1,REGIME_FLIP,BULL,-39.37608481857248,16.804752140783958,-56.18083695935644,-0.0033431517756819205,83911.39717191862,0.16088602828081378
ARB-USDT-PERP,SHORT,2022-12-18 20:00:00+00:00,2022-12-18 21:00:00+00:00,1.3512687994483972,1.3510345059108062,16793.515601775598,1,REGIME_FLIP,BULL,2.9117908890779356,16.7935156017756,-13.881724712697665,-0.0008266121901973839,83897.51544720592,0.16102484552794077
SUI-USDT-PERP,SHORT,2022-12-18 20:00:00+00:00,2022-12-18 21:00:00+00:00,0.6756343997241986,0.6755172529554031,16782.279434383727,1,REGIME_FLIP,BULL,2.9098426746232837,16.782279434383728,-13.872436759760443,-0.0008266121901973838,83883.64301044616,0.16116356989553837
ARB-USDT-PERP,SHORT,2022-12-18 21:00:00+00:00,2022-12-18 22:00:00+00:00,1.3510345059108062,1.347125473044142,16779.503089441187,1,REGIME_FLIP,BULL,48.54918862246269,16.779503089441185,31.7696855330215,0.0018933627154318511,83915.41269597919,0.1608458730402081
SUI-USDT-PERP,SHORT,2022-12-18 21:00:00+00:00,2022-12-18 22:00:00+00:00,0.6755172529554031,0.673562736522071,16776.72860208923,1,REGIME_FLIP,BULL,48.5411610242041,16.776728602089232,31.76443242211487,0.001893362715431851,83947.17712840131,0.1605282287159869
ARB-USDT-PERP,SHORT,2022-12-18 22:00:00+00:00,2022-12-18 23:00:00+00:00,1.347125473044142,1.3495496541026635,16783.08253919584,1,REGIME_FLIP,BULL,-30.201515455856992,16.78308253919584,-46.98459799505283,-0.0027995213564208626,83900.19253040626,0.16099807469593738
SUI-USDT-PERP,SHORT,2022-12-18 22:00:00+00:00,2022-12-18 23:00:00+00:00,0.673562736522071,0.6747748270513317,16789.43542568026,1,REGIME_FLIP,BULL,-30.21294761076063,16.789435425680264,-47.00238303644089,-0.0027995213564208626,83853.19014736982,0.16146809852630176
ARB-USDT-PERP,SHORT,2022-12-19 02:00:00+00:00,2022-12-19 03:00:00+00:00,1.3523419430616834,1.3507011205405386,16770.638029473965,1,REGIME_FLIP,BULL,20.34813806812009,16.770638029473965,3.577500038646125,0.00021331925668890836,83856.76764740847,0.16143232352591527
SUI-USDT-PERP,SHORT,2022-12-19 02:00:00+00:00,2022-12-19 03:00:00+00:00,0.6761709715308417,0.6753505602702693,16770.638029473965,1,REGIME_FLIP,BULL,20.34813806812009,16.770638029473965,3.577500038646125,0.00021331925668890836,83860.34514744712,0.1613965485255288
ARB-USDT-PERP,SHORT,2022-12-21 07:00:00+00:00,2022-12-21 08:00:00+00:00,1.3820512312435531,1.377212592153144,16772.069029489427,1,REGIME_FLIP,BULL,58.71995697301825,16.772069029489426,41.947887943528826,0.0025010562423618764,83902.29303539066,0.16097706964609343
SUI-USDT-PERP,SHORT,2022-12-21 07:00:00+00:00,2022-12-21 08:00:00+00:00,0.6910256156217766,0.688606296076572,16772.069029489427,1,REGIME_FLIP,BULL,58.71995697301825,16.772069029489426,41.947887943528826,0.0025010562423618764,83944.24092333419,0.1605575907666581
ARB-USDT-PERP,SHORT,2022-12-22 05:00:00+00:00,2022-12-22 06:00:00+00:00,1.3584839894394636,1.360767764603147,16788.84818466684,1,REGIME_FLIP,BULL,-28.22407537303075,16.78884818466684,-45.01292355769759,-0.0026811204117509167,83899.22799977649,0.16100772000223515
SUI-USDT-PERP,SHORT,2022-12-22 05:00:00+00:00,2022-12-22 06:00:00+00:00,0.6792419947197318,0.6803838823015735,16788.84818466684,1,REGIME_FLIP,BULL,-28.22407537303075,16.78884818466684,-45.01292355769759,-0.0026811204117509167,83854.21507621878,0.1614578492378122
ARB-USDT-PERP,SHORT,2022-12-22 07:00:00+00:00,2022-12-22 08:00:00+00:00,1.363277200809364,1.3621743255569125,16770.843015243758,1,REGIME_FLIP,BULL,13.567415132653512,16.77084301524376,-3.2034278825902476,-0.00019101173862748049,83851.01164833619,0.16148988351663807
SUI-USDT-PERP,SHORT,2022-12-22 07:00:00+00:00,2022-12-22 08:00:00+00:00,0.681638600404682,0.6810871627784563,16770.843015243758,1,REGIME_FLIP,BULL,13.567415132653512,16.77084301524376,-3.2034278825902476,-0.00019101173862748049,83847.8082204536,0.16152191779546396
ARB-USDT-PERP,SHORT,2022-12-22 08:00:00+00:00,2022-12-22 09:00:00+00:00,1.3621743255569125,1.3663702703185079,16770.202329667238,1,SL,BULL,-51.65773667573166,16.77020232966724,-68.4279390053989,-0.004080328767670669,83779.3802814482,0.16220619718551796
SUI-USDT-PERP,SHORT,2022-12-22 08:00:00+00:00,2022-12-22 09:00:00+00:00,0.6810871627784563,0.6831851351592539,16769.56164409072,1,SL,BULL,-51.65576315351929,16.76956164409072,-68.42532479761002,-0.0040803287676706695,83710.95495665059,0.16289045043349412
ARB-USDT-PERP,SHORT,2022-12-22 09:00:00+00:00,2022-12-22 10:00:00+00:00,1.3663702703185079,1.363580410601544,16755.876056289642,1,REGIME_FLIP,BULL,34.21220780878607,16.755876056289644,17.456331752496425,0.0010418035854319807,83728.41128840309,0.1627158871159691
SUI-USDT-PERP,SHORT,2022-12-22 09:00:00+00:00,2022-12-22 10:00:00+00:00,0.6831851351592539,0.681790205300772,16742.190991330117,1,REGIME_FLIP,BULL,34.18426559408484,16.742190991330116,17.442074602754726,0.0010418035854319809,83745.85336300585,0.1625414663699415
ARB-USDT-PERP,SHORT,2022-12-22 11:00:00+00:00,2022-12-22 12:00:00+00:00,1.361453574614394,1.3608507987889822,16749.170672601173,1,REGIME_FLIP,BULL,7.415600036161019,16.749170672601174,-9.333570636440156,-0.0005572556885881107,83736.5197923694,0.16263480207630593
SUI-USDT-PERP,SHORT,2022-12-22 11:00:00+00:00,2022-12-22 12:00:00+00:00,0.680726787307197,0.6804253993944911,16749.170672601173,1,REGIME_FLIP,BULL,7.415600036161019,16.749170672601174,-9.333570636440156,-0.0005572556885881107,83727.18622173296,0.1627281377826704
ARB-USDT-PERP,SHORT,2022-12-22 12:00:00+00:00,2022-12-22 13:00:00+00:00,1.3608507987889822,1.3604897082398986,16747.303958473884,1,REGIME_FLIP,BULL,4.443759144953358,16.747303958473886,-12.303544813520528,-0.0007346582377693766,83714.88267691944,0.16285117323080558
SUI-USDT-PERP,SHORT,2022-12-22 12:00:00+00:00,2022-12-22 13:00:00+00:00,0.6804253993944911,0.6802448541199493,16745.437244346595,1,REGIME_FLIP,BULL,4.443263827737242,16.745437244346594,-12.302173416609351,-0.0007346582377693764,83702.58050350283,0.16297419496497167
ARB-USDT-PERP,SHORT,2022-12-22 15:00:00+00:00,2022-12-22 16:00:00+00:00,1.3774855098684164,1.3765771204117503,16740.516100700566,1,REGIME_FLIP,BULL,11.039614003982592,16.740516100700567,-5.700902096717975,-0.00034054518166733226,83696.87960140611,0.16303120398593893
SUI-USDT-PERP,SHORT,2022-12-22 15:00:00+00:00,2022-12-22 16:00:00+00:00,0.6887427549342082,0.6882885602058751,16740.516100700566,1,REGIME_FLIP,BULL,11.039614003982592,16.740516100700567,-5.700902096717975,-0.00034054518166733226,83691.17869930938,0.16308821300690615
ARB-USDT-PERP,SHORT,2022-12-22 19:00:00+00:00,2022-12-22 20:00:00+00:00,1.378647608452886,1.378558597689844,16738.235739861877,1,REGIME_FLIP,BULL,1.0806845244915344,16.738235739861878,-15.657551215370344,-0.0009354361749178918,83675.52114809402,0.1632447885190598
SUI-USDT-PERP,SHORT,2022-12-22 19:00:00+00:00,2022-12-22 20:00:00+00:00,0.689323804226443,0.689279298844922,16738.235739861877,1,REGIME_FLIP,BULL,1.0806845244915344,16.738235739861878,-15.657551215370344,-0.0009354361749178918,83659.86359687865,0.16340136403121344
ARB-USDT-PERP,SHORT,2022-12-24 08:00:00+00:00,2022-12-24 09:00:00+00:00,1.4125794343444875,1.4068467541737544,16731.97271937573,1,REGIME_FLIP,BULL,67.9034721117292,16.731972719375733,51.17149939235347,0.0030583064083708755,83711.035096271,0.16288964903728992
SUI-USDT-PERP,SHORT,2022-12-24 08:00:00+00:00,2022-12-24 09:00:00+00:00,0.7062897171722438,0.7034233770868772,16731.97271937573,1,REGIME_FLIP,BULL,67.9034721117292,16.731972719375733,51.17149939235347,0.0030583064083708755,83762.20659566336,0.1623779340433664
ARB-USDT-PERP,SHORT,2022-12-24 09:00:00+00:00,2022-12-24 10:00:00+00:00,1.4068467541737544,1.4082319701039538,16742.2070192542,1,REGIME_FLIP,BULL,-16.484788980011373,16.742207019254202,-33.226995999265576,-0.001984624605409144,83728.97959966409,0.16271020400335912
SUI-USDT-PERP,SHORT,2022-12-24 09:00:00+00:00,2022-12-24 10:00:00+00:00,0.7034233770868772,0.7041159850519769,16752.44131913267,1,REGIME_FLIP,BULL,-16.49486592349085,16.75244131913267,-33.24730724262352,-0.001984624605409144,83695.73229242147,0.16304267707578532
ARB-USDT-PERP,SHORT,2022-12-24 11:00:00+00:00,2022-12-24 12:00:00+00:00,1.4162429463886417,1.4095937064613848,16739.146458484294,1,REGIME_FLIP,BULL,78.59004788957347,16.739146458484296,61.85090143108917,0.0036949853796003932,83757.58319385255,0.16242416806147447
SUI-USDT-PERP,SHORT,2022-12-24 11:00:00+00:00,2022-12-24 12:00:00+00:00,0.7081214731943208,0.7047968532306924,16739.146458484294,1,REGIME_FLIP,BULL,78.59004788957347,16.739146458484296,61.85090143108917,0.0036949853796003932,83819.43409528364,0.16180565904716365
ARB-USDT-PERP,SHORT,2022-12-24 12:00:00+00:00,2022-12-24 13:00:00+00:00,1.4095937064613848,1.3995734370718504,16751.51663877051,1,REGIME_FLIP,BULL,119.0802063277701,16.75151663877051,102.32868968899959,0.006108622394951702,83921.76278497264,0.16078237215027358
SUI-USDT-PERP,SHORT,2022-12-24 12:00:00+00:00,2022-12-24 13:00:00+00:00,0.7047968532306924,0.6997867185359252,16763.886819056726,1,REGIME_FLIP,BULL,119.16814126838229,16.763886819056726,102.40425444932556,0.006108622394951702,84024.16703942197,0.15975832960578032
ARB-USDT-PERP,SHORT,2022-12-24 13:00:00+00:00,2022-12-24 14:00:00+00:00,1.3995734370718504,1.3994316222852656,16784.35255699453,1,REGIME_FLIP,BULL,1.7007105970905043,16.78435255699453,-15.083641959904027,-0.0008986728507212053,84009.08339746206,0.15990916602537938
SUI-USDT-PERP,SHORT,2022-12-24 13:00:00+00:00,2022-12-24 14:00:00+00:00,0.6997867185359252,0.6997158111426328,16804.833407884395,1,REGIME_FLIP,BULL,1.7027858633259783,16.804833407884395,-15.102047544558417,-0.0008986728507212054,83993.9813499175,0.16006018650082493
ARB-USDT-PERP,SHORT,2022-12-24 14:00:00+00:00,2022-12-24 15:00:00+00:00,1.3994316222852656,1.4063458036906193,16801.816679492415,1,SL,BULL,-83.01285079709855,16.801816679492415,-99.81466747659097,-0.005940706852159655,83894.16668244092,0.16105833317559082
SUI-USDT-PERP,SHORT,2022-12-24 14:00:00+00:00,2022-12-24 15:00:00+00:00,0.6997158111426328,0.7031729018453097,16798.7962699835,1,SL,BULL,-82.99792783914154,16.7987962699835,-99.79672410912504,-0.005940706852159655,83794.3699583318,0.16205630041668206
ARB-USDT-PERP,SHORT,2022-12-24 17:00:00+00:00,2022-12-24 18:00:00+00:00,1.4079218643665685,1.4124734466687616,16758.873991666358,1,SL,BULL,-54.1787127508467,16.75887399166636,-70.93758674251306,-0.004232837288339778,83723.43237158928,0.16276567628410718
SOL-USDT-PERP,LONG,2022-12-24 16:00:00+00:00,2022-12-24 19:00:00+00:00,11.425,11.54,16758.873991666358,3,TP,HIGH_VOL,168.68888481764594,16.75887399166636,151.9300108259796,0.009065645514223059,83875.36238241526,0.1612463761758474
SOL-USDT-PERP,LONG,2022-12-24 19:00:00+00:00,2022-12-24 20:00:00+00:00,11.54,11.46,16775.072476483052,1,SL,HIGH_VOL,-116.29166361513134,16.775072476483054,-133.0667360916144,-0.007932409012131568,83742.29564632365,0.16257704353676353
SOL-USDT-PERP,LONG,2022-12-24 21:00:00+00:00,2022-12-24 22:00:00+00:00,11.36,11.415,16748.45912926473,1,REGIME_FLIP,BEAR,81.08849050260172,16.74845912926473,64.34003137333698,0.003841549295774623,83806.63567769699,0.16193364322303008
ARB-USDT-PERP,SHORT,2022-12-24 21:00:00+00:00,2022-12-24 22:00:00+00:00,1.4026420058305114,1.397223703883583,16748.45912926473,1,REGIME_FLIP,BULL,64.69805433668816,16.74845912926473,47.94959520742343,0.002862925767519752,83854.58527290441,0.16145414727095586
SOL-USDT-PERP,LONG,2022-12-24 22:00:00+00:00,2022-12-24 23:00:00+00:00,11.415,11.425,16761.3271355394,1,REGIME_FLIP,BEAR,14.683598016243558,16.7613271355394,-2.0777291192958423,-0.00012395970214616175,83852.50754378512,0.16147492456214882
ARB-USDT-PERP,SHORT,2022-12-25 02:00:00+00:00,2022-12-25 03:00:00+00:00,1.383819199228249,1.3839677919741937,16770.501508757025,1,REGIME_FLIP,BULL,-1.8007951265942341,16.770501508757025,-18.57129663535126,-0.0011073787283972347,83833.93624714977,0.16166063752850227
SUI-USDT-PERP,SHORT,2022-12-25 02:00:00+00:00,2022-12-25 03:00:00+00:00,0.6919095996141245,0.6919838959870969,16770.501508757025,1,REGIME_FLIP,BULL,-1.8007951265942341,16.770501508757025,-18.57129663535126,-0.0011073787283972347,83815.36495051443,0.1618463504948557
ARB-USDT-PERP,SHORT,2022-12-25 03:00:00+00:00,2022-12-25 04:00:00+00:00,1.3839677919741937,1.3835580817962836,16766.787249429955,1,REGIME_FLIP,BULL,4.9636439711838936,16.766787249429957,-11.803143278246063,-0.0007039597450994884,83803.56180723618,0.16196438192763818
SUI-USDT-PERP,SHORT,2022-12-25 03:00:00+00:00,2022-12-25 04:00:00+00:00,0.6919838959870969,0.6917790408981418,16763.072990102886,1,REGIME_FLIP,BULL,4.962544400905941,16.763072990102888,-11.800528589196947,-0.0007039597450994884,83791.76127864698,0.16208238721353016
ARB-USDT-PERP,SHORT,2022-12-25 05:00:00+00:00,2022-12-25 06:00:00+00:00,1.3869342368936641,1.383940172150033,16758.352255729398,1,REGIME_FLIP,BULL,36.177340147438045,16.7583522557294,19.418987891708646,0.0011587647517714412,83811.1802665387,0.16188819733461307
SUI-USDT-PERP,SHORT,2022-12-25 05:00:00+00:00,2022-12-25 06:00:00+00:00,0.6934671184468321,0.6919700860750165,16758.352255729398,1,REGIME_FLIP,BULL,36.177340147438045,16.7583522557294,19.418987891708646,0.0011587647517714412,83830.5992544304,0.16169400745569598
ARB-USDT-PERP,SHORT,2022-12-25 07:00:00+00:00,2022-12-25 08:00:00+00:00,1.3805647235749954,1.3842885754208387,16766.11985088608,1,REGIME_FLIP,BULL,-45.2239183634053,16.76611985088608,-61.99003821429139,-0.0036973395613067415,83768.60921621611,0.16231390783783892
SUI-USDT-PERP,SHORT,2022-12-25 07:00:00+00:00,2022-12-25 08:00:00+00:00,0.6902823617874977,0.6921442877104194,16766.11985088608,1,REGIME_FLIP,BULL,-45.2239183634053,16.76611985088608,-61.99003821429139,-0.0036973395613067415,83706.61917800181,0.16293380821998188
SOL-USDT-PERP,LONG,2022-12-25 09:00:00+00:00,2022-12-25 10:00:00+00:00,11.455,11.38,16741.323835600364,1,SL,BEAR,-109.61146116717725,16.741323835600365,-126.35278500277762,-0.007547359231776456,83580.26639299904,0.16419733607000964
ARB-USDT-PERP,SHORT,2022-12-25 09:00:00+00:00,2022-12-25 10:00:00+00:00,1.378821146092928,1.3748818720793086,16741.323835600364,1,REGIME_FLIP,BULL,47.82974363719564,16.741323835600365,31.088419801595276,0.0018569869448129225,83611.35481280064,0.16388645187199363
ARB-USDT-PERP,SHORT,2022-12-25 11:00:00+00:00,2022-12-25 12:00:00+00:00,1.379803477016559,1.3768149648915973,16722.270962560127,1,REGIME_FLIP,BULL,36.21871546270005,16.722270962560128,19.49644450013992,0.0011658969373113826,83630.85125730078,0.16369148742699224
SUI-USDT-PERP,SHORT,2022-12-25 11:00:00+00:00,2022-12-25 12:00:00+00:00,0.6899017385082795,0.6884074824457986,16722.270962560127,1,REGIME_FLIP,BULL,36.21871546270005,16.722270962560128,19.49644450013992,0.0011658969373113826,83650.34770180091,0.16349652298199085
ARB-USDT-PERP,SHORT,2022-12-25 15:00:00+00:00,2022-12-25 16:00:00+00:00,1.3712916989696036,1.3724744037813486,16730.069540360182,1,REGIME_FLIP,BULL,-14.429266771672312,16.730069540360184,-31.159336312032494,-0.0018624750026808115,83619.18836548888,0.1638081163451112
SUI-USDT-PERP,SHORT,2022-12-25 15:00:00+00:00,2022-12-25 16:00:00+00:00,0.6856458494848018,0.6862372018906743,16730.069540360182,1,REGIME_FLIP,BULL,-14.429266771672312,16.730069540360184,-31.159336312032494,-0.0018624750026808115,83588.02902917685,0.16411970970823153
ARB-USDT-PERP,SHORT,2022-12-25 18:00:00+00:00,2022-12-25 19:00:00+00:00,1.368277919299051,1.3741830970274471,16717.60580583537,1,SL,BULL,-72.1494018753855,16.71760580583537,-88.86700768122085,-0.005315773604986029,83499.16202149562,0.1650083797850438
SUI-USDT-PERP,SHORT,2022-12-25 18:00:00+00:00,2022-12-25 19:00:00+00:00,0.6841389596495255,0.6870915485137236,16717.60580583537,1,SL,BULL,-72.1494018753855,16.71760580583537,-88.86700768122085,-0.005315773604986029,83410.2950138144,0.16589704986185608
ARB-USDT-PERP,SHORT,2022-12-25 20:00:00+00:00,2022-12-25 21:00:00+00:00,1.378833549581636,1.377954051053144,16682.05900276288,1,REGIME_FLIP,BULL,10.640766863844185,16.68205900276288,-6.0412921389186955,-0.00036214307465991686,83404.25372167547,0.16595746278324527
SUI-USDT-PERP,SHORT,2022-12-25 20:00:00+00:00,2022-12-25 21:00:00+00:00,0.689416774790818,0.688977025526572,16682.05900276288,1,REGIME_FLIP,BULL,10.640766863844185,16.68205900276288,-6.0412921389186955,-0.00036214307465991686,83398.21242953655,0.1660178757046345
ARB-USDT-PERP,SHORT,2022-12-25 21:00:00+00:00,2022-12-25 22:00:00+00:00,1.377954051053144,1.376806275763204,16680.850744335094,1,REGIME_FLIP,BULL,13.894417077908237,16.680850744335093,-2.7864336664268556,-0.00016704385820208502,83395.42599587013,0.1660457400412987
SUI-USDT-PERP,SHORT,2022-12-25 21:00:00+00:00,2022-12-25 22:00:00+00:00,0.688977025526572,0.688403137881602,16679.642485907312,1,REGIME_FLIP,BULL,13.893410651629937,16.679642485907312,-2.786231834277375,-0.0001670438582020851,83392.63976403585,0.16607360235964153
ARB-USDT-PERP,SHORT,2022-12-25 23:00:00+00:00,2022-12-26 00:00:00+00:00,1.371749435743176,1.3706403727843521,16678.52795280717,1,REGIME_FLIP,BULL,13.484632891536029,16.67852795280717,-3.1938950612711405,-0.00019149741933511432,83389.44586897458,0.1661055413102542
SUI-USDT-PERP,SHORT,2022-12-25 23:00:00+00:00,2022-12-26 00:00:00+00:00,0.685874717871588,0.6853201863921761,16678.52795280717,1,REGIME_FLIP,BULL,13.484632891536029,16.67852795280717,-3.1938950612711405,-0.00019149741933511432,83386.25197391331,0.16613748026086686
ARB-USDT-PERP,SHORT,2022-12-26 01:00:00+00:00,2022-12-26 02:00:00+00:00,1.3703244940403512,1.3709602422819807,16677.250394782663,1,REGIME_FLIP,BULL,-7.737242280794784,16.677250394782664,-24.41449267557745,-0.0014639399240066167,83361.83748123773,0.1663816251876227
SUI-USDT-PERP,SHORT,2022-12-26 01:00:00+00:00,2022-12-26 02:00:00+00:00,0.6851622470201756,0.6854801211409903,16677.250394782663,1,REGIME_FLIP,BULL,-7.737242280794784,16.677250394782664,-24.41449267557745,-0.0014639399240066167,83337.42298856215,0.16662577011437854
ARB-USDT-PERP,SHORT,2022-12-26 02:00:00+00:00,2022-12-26 03:00:00+00:00,1.3709602422819807,1.3749570052647193,16672.367496247545,1,REGIME_FLIP,BULL,-48.60498443973963,16.672367496247546,-65.27735193598718,-0.00391530188802995,83272.14563662616,0.16727854363373845
SUI-USDT-PERP,SHORT,2022-12-26 02:00:00+00:00,2022-12-26 03:00:00+00:00,0.6854801211409903,0.6874785026323597,16667.48459771243,1,REGIME_FLIP,BULL,-48.59074931642115,16.66748459771243,-65.25823391413358,-0.003915301888029949,83206.88740271202,0.16793112597287982
ARB-USDT-PERP,SHORT,2022-12-26 03:00:00+00:00,2022-12-26 04:00:00+00:00,1.3749570052647193,1.3754363977572146,16654.42912732523,1,REGIME_FLIP,BULL,-5.806733054098256,16.65442912732523,-22.461162181423486,-0.0013486599876648452,83184.42624053059,0.16815573759469407
SUI-USDT-PERP,SHORT,2022-12-26 03:00:00+00:00,2022-12-26 04:00:00+00:00,0.6874785026323597,0.6877181988786073,16641.377480542404,1,REGIME_FLIP,BULL,-5.802182467091949,16.641377480542403,-22.443559947634352,-0.0013486599876648452,83161.98268058297,0.16838017319417034
ARB-USDT-PERP,SHORT,2022-12-26 04:00:00+00:00,2022-12-26 05:00:00+00:00,1.3754363977572146,1.3717635639113939,16636.88524810612,1,REGIME_FLIP,BULL,44.425547650125296,16.63688524810612,27.788662402019177,0.001670304386164023,83189.77134298498,0.16810228657015017
SUI-USDT-PERP,SHORT,2022-12-26 04:00:00+00:00,2022-12-26 05:00:00+00:00,0.6877181988786073,0.6858817819556969,16632.396536116594,1,REGIME_FLIP,BULL,44.41356142281144,16.632396536116595,27.781164886694846,0.0016703043861640227,83217.55250787167,0.16782447492128325
ARB-USDT-PERP,SHORT,2022-12-26 06:00:00+00:00,2022-12-26 07:00:00+00:00,1.3680825505249867,1.3701112294173614,16643.510501574336,1,REGIME_FLIP,BULL,-24.6800446629507,16.643510501574337,-41.32355516452503,-0.002482862924898937,83176.22895270716,0.16823771047292846
SUI-USDT-PERP,SHORT,2022-12-26 06:00:00+00:00,2022-12-26 07:00:00+00:00,0.6840412752624934,0.6850556147086807,16643.510501574336,1,REGIME_FLIP,BULL,-24.6800446629507,16.643510501574337,-41.32355516452503,-0.002482862924898937,83134.90539754264,0.16865094602457364
ARB-USDT-PERP,SHORT,2022-12-26 07:00:00+00:00,2022-12-26 08:00:00+00:00,1.3701112294173614,1.3717935164851929,16635.24579054143,1,REGIME_FLIP,BULL,-20.42553791455779,16.63524579054143,-37.06078370509922,-0.0022278470767273825,83097.84461383754,0.16902155386162457
SUI-USDT-PERP,SHORT,2022-12-26 07:00:00+00:00,2022-12-26 08:00:00+00:00,0.6850556147086807,0.6858967582425964,16626.98107950853,1,REGIME_FLIP,BULL,-20.415390113276047,16.62698107950853,-37.04237119278457,-0.0022278470767273825,83060.80224264476,0.16939197757355243
ARB-USDT-PERP,SHORT,2022-12-27 08:00:00+00:00,2022-12-27 09:00:00+00:00,1.391529448064856,1.394566582316889,16612.160448528954,1,REGIME_FLIP,BULL,-36.257487449265746,16.612160448528954,-52.8696478977947,-0.003182587121139709,83007.93259474696,0.16992067405253036
SUI-USDT-PERP,SHORT,2022-12-27 08:00:00+00:00,2022-12-27 09:00:00+00:00,0.695764724032428,0.6972832911584445,16612.160448528954,1,REGIME_FLIP,BULL,-36.257487449265746,16.612160448528954,-52.8696478977947,-0.003182587121139709,82955.06294684917,0.17044937053150833
ARB-USDT-PERP,SHORT,2022-12-27 09:00:00+00:00,2022-12-27 10:00:00+00:00,1.394566582316889,1.402704566169986,16601.586518949392,1,SL,BULL,-96.87844577671383,16.601586518949393,-113.48003229566322,-0.00683549323229649,82841.58291455351,0.1715841708544649
SUI-USDT-PERP,SHORT,2022-12-27 09:00:00+00:00,2022-12-27 10:00:00+00:00,0.6972832911584445,0.701352283084993,16591.012589369835,1,SL,BULL,-96.81674168221355,16.591012589369836,-113.40775427158339,-0.006835493232296491,82728.17516028193,0.17271824839718072
ARB-USDT-PERP,SHORT,2022-12-27 10:00:00+00:00,2022-12-27 11:00:00+00:00,1.402704566169986,1.3963403281983966,16568.316582910702,1,REGIME_FLIP,BULL,75.17242908118949,16.568316582910704,58.60411249827879,0.0035371193087127316,82786.7792727802,0.172132207272198
SUI-USDT-PERP,SHORT,2022-12-27 10:00:00+00:00,2022-12-27 11:00:00+00:00,0.701352283084993,0.6981701640991983,16545.635032056387,1,REGIME_FLIP,BULL,75.06952017885683,16.54563503205639,58.523885146800446,0.0035371193087127316,82845.303157927,0.17154696842072997
ARB-USDT-PERP,SHORT,2022-12-27 11:00:00+00:00,2022-12-27 12:00:00+00:00,1.3963403281983966,1.3948422750388783,16557.35585455604,1,REGIME_FLIP,BULL,17.763433992621167,16.55735585455604,1.206078138065127,7.284243623556922e-05,82846.50923606507,0.17153490763934925
SUI-USDT-PERP,SHORT,2022-12-27 11:00:00+00:00,2022-12-27 12:00:00+00:00,0.6981701640991983,0.6974211375194391,16569.060631585402,1,REGIME_FLIP,BULL,17.775991374124942,16.5690606315854,1.2069307425395408,7.284243623556928e-05,82847.71616680762,0.17152283833192386
ARB-USDT-PERP,SHORT,2022-12-27 13:00:00+00:00,2022-12-27 14:00:00+00:00,1.3959959393717598,1.3916587853098155,16569.543233361524,1,REGIME_FLIP,BULL,51.47913379424133,16.569543233361525,34.909590560879806,0.0021068529210021905,82882.6257573685,0.171173742426315
SUI-USDT-PERP,SHORT,2022-12-27 13:00:00+00:00,2022-12-27 14:00:00+00:00,0.6979979696858799,0.6958293926549077,16569.543233361524,1,REGIME_FLIP,BULL,51.47913379424133,16.569543233361525,34.909590560879806,0.0021068529210021905,82917.53534792938,0.17082464652070617
ARB-USDT-PERP,SHORT,2022-12-27 18:00:00+00:00,2022-12-27 19:00:00+00:00,1.3952015917005105,1.3938171820290584,16583.507069585878,1,REGIME_FLIP,BULL,16.45523321525705,16.583507069585878,-0.1282738543288282,-7.735025757252652e-06,82917.40707407506,0.1708259292592494
SUI-USDT-PERP,SHORT,2022-12-27 18:00:00+00:00,2022-12-27 19:00:00+00:00,0.6976007958502553,0.6969085910145292,16583.507069585878,1,REGIME_FLIP,BULL,16.45523321525705,16.583507069585878,-0.1282738543288282,-7.735025757252652e-06,82917.27880022074,0.17082721199779263
ARB-USDT-PERP,SHORT,2022-12-27 20:00:00+00:00,2022-12-27 21:00:00+00:00,1.3964366209331471,1.402936843258858,16583.455760044148,1,SL,BULL,-77.19372848933519,16.58345576004415,-93.77718424937933,-0.005654863835758783,82823.50161597136,0.17176498384028643
SUI-USDT-PERP,SHORT,2022-12-27 20:00:00+00:00,2022-12-27 21:00:00+00:00,0.6982183104665736,0.701468421629429,16583.455760044148,1,SL,BULL,-77.19372848933519,16.58345576004415,-93.77718424937933,-0.005654863835758783,82729.72443172197,0.17270275568278026
ARB-USDT-PERP,SHORT,2022-12-27 21:00:00+00:00,2022-12-27 22:00:00+00:00,1.402936843258858,1.3990291232284802,16564.700323194273,1,REGIME_FLIP,BULL,46.139077151749994,16.564700323194273,29.57437682855572,0.0017853855639721416,82759.29880855053,0.17240701191449465
SUI-USDT-PERP,SHORT,2022-12-27 21:00:00+00:00,2022-12-27 22:00:00+00:00,0.701468421629429,0.6995145616142401,16545.944886344394,1,REGIME_FLIP,BULL,46.08683602870235,16.545944886344394,29.540891142357957,0.0017853855639721416,82788.8396996929,0.17211160300307107
ARB-USDT-PERP,SHORT,2022-12-27 23:00:00+00:00,2022-12-28 00:00:00+00:00,1.3989582424636684,1.3914772984549277,16557.767939938578,1,REGIME_FLIP,BULL,88.54283931324609,16.55776793993858,71.9850713733075,0.0043475105844232855,82860.8247710662,0.17139175228933803
SUI-USDT-PERP,SHORT,2022-12-27 23:00:00+00:00,2022-12-28 00:00:00+00:00,0.6994791212318342,0.6957386492274639,16557.767939938578,1,REGIME_FLIP,BULL,88.54283931324609,16.55776793993858,71.9850713733075,0.0043475105844232855,82932.8098424395,0.170671901575605
SOL-USDT-PERP,LONG,2022-12-30 07:00:00+00:00,2022-12-30 09:00:00+00:00,9.115,9.105,16586.561968487902,2,REGIME_FLIP,HIGH_VOL,-18.196996125603455,16.586561968487903,-34.78355809409136,-0.002097092704333493,82898.02628434541,0.1710197371565459
SOL-USDT-PERP,LONG,2022-12-30 09:00:00+00:00,2022-12-30 10:00:00+00:00,9.105,9.06,16579.605256869083,1,SL,BEAR,-81.94203586590966,16.579605256869083,-98.52164112277875,-0.005942339373970338,82799.50464322264,0.17200495356777362
SOL-USDT-PERP,LONG,2022-12-30 10:00:00+00:00,2022-12-30 11:00:00+00:00,9.06,9.09,16559.90092864453,1,REGIME_FLIP,BEAR,54.83410903524561,16.55990092864453,38.27420810660108,0.0023112582781456242,82837.77885132923,0.17162221148670767
SOL-USDT-PERP,LONG,2022-12-30 11:00:00+00:00,2022-12-30 12:00:00+00:00,9.09,9.485,16567.555770265848,1,TP,BEAR,719.932291447195,16.567555770265848,703.3647356769292,0.042454345434543406,83541.14358700617,0.1645885641299383
SOL-USDT-PERP,LONG,2022-12-30 22:00:00+00:00,2022-12-30 23:00:00+00:00,9.79,9.875,16708.228717401234,1,TP,HIGH_VOL,145.06633717866387,16.708228717401234,128.35810846126265,0.007682328907048097,83669.50169546744,0.16330498304532565
SOL-USDT-PERP,LONG,2022-12-31 15:00:00+00:00,2022-12-31 16:00:00+00:00,10.125,10.065,16733.90033909349,1,SL,HIGH_VOL,-99.16385386129556,16.733900339093488,-115.89775420038904,-0.006925925925925974,83553.60394126705,0.16446396058732948
SOL-USDT-PERP,LONG,2022-12-31 19:00:00+00:00,2022-12-31 21:00:00+00:00,10.05,10.005,16710.72078825341,2,SL,HIGH_VOL,-74.82412293247782,16.71072078825341,-91.53484372073123,-0.0054776119402985,83462.06909754632,0.1653793090245368
ARB-USDT-PERP,SHORT,2023-01-01 01:00:00+00:00,2023-01-01 02:00:00+00:00,1.4426751557033217,1.4416388318179059,16692.413819509264,1,REGIME_FLIP,BULL,11.99074308448172,16.692413819509262,-4.701670735027543,-0.00028166511960855316,83457.3674268113,0.16542632573188704
SUI-USDT-PERP,SHORT,2023-01-01 01:00:00+00:00,2023-01-01 02:00:00+00:00,0.7213375778516609,0.7208194159089529,16692.413819509264,1,REGIME_FLIP,BULL,11.99074308448172,16.692413819509262,-4.701670735027543,-0.00028166511960855316,83452.66575607627,0.1654733424392373
ARB-USDT-PERP,SHORT,2023-01-01 02:00:00+00:00,2023-01-01 03:00:00+00:00,1.4416388318179059,1.445284523608481,16691.47348536226,1,REGIME_FLIP,BULL,-42.21027244490492,16.691473485362263,-58.90174593026718,-0.0035288523797447602,83393.764010146,0.16606235989854
SUI-USDT-PERP,SHORT,2023-01-01 02:00:00+00:00,2023-01-01 03:00:00+00:00,0.7208194159089529,0.7226422618042405,16690.533151215255,1,REGIME_FLIP,BULL,-42.20789447865951,16.690533151215256,-58.89842762987477,-0.0035288523797447602,83334.86558251613,0.16665134417483873
ARB-USDT-PERP,SHORT,2023-01-01 04:00:00+00:00,2023-01-01 05:00:00+00:00,1.4480797975204953,1.4357834119472335,16666.973116503224,1,TP,BULL,141.52778605891203,16.666973116503225,124.8608129424088,0.007491511030204681,83459.72639545854,0.16540273604541464
SUI-USDT-PERP,SHORT,2023-01-01 04:00:00+00:00,2023-01-01 05:00:00+00:00,0.7240398987602477,0.7178917059736167,16666.973116503224,1,TP,BULL,141.52778605891203,16.666973116503225,124.8608129424088,0.007491511030204681,83584.58720840095,0.16415412791599054
ARB-USDT-PERP,SHORT,2023-01-01 06:00:00+00:00,2023-01-01 07:00:00+00:00,1.4365377895277254,1.445666569936272,16716.91744168019,1,SL,BULL,-106.23115489573931,16.71691744168019,-122.9480723374195,-0.007354709548955109,83461.63913606353,0.1653836086393647
SUI-USDT-PERP,SHORT,2023-01-01 06:00:00+00:00,2023-01-01 07:00:00+00:00,0.7182688947638627,0.722833284968136,16716.91744168019,1,SL,BULL,-106.23115489573931,16.71691744168019,-122.9480723374195,-0.007354709548955109,83338.69106372612,0.16661308936273883
ARB-USDT-PERP,SHORT,2023-01-01 07:00:00+00:00,2023-01-01 08:00:00+00:00,1.445666569936272,1.4465091533576202,16692.327827212706,1,REGIME_FLIP,BULL,-9.728853792017542,16.692327827212708,-26.42118161923025,-0.0015828338559321282,83312.26988210689,0.1668773011789311
SUI-USDT-PERP,SHORT,2023-01-01 07:00:00+00:00,2023-01-01 08:00:00+00:00,0.722833284968136,0.7232545766788101,16667.738212745226,1,REGIME_FLIP,BULL,-9.714522132201576,16.667738212745228,-26.382260344946804,-0.0015828338559321282,83285.88762176194,0.1671411237823806
ARB-USDT-PERP,SHORT,2023-01-01 08:00:00+00:00,2023-01-01 09:00:00+00:00,1.4465091533576202,1.4508038427653582,16662.45397642138,1,REGIME_FLIP,BULL,-49.47086883851022,16.662453976421382,-66.1333228149316,-0.003969002579602933,83219.75429894701,0.1678024570105299
SUI-USDT-PERP,SHORT,2023-01-01 08:00:00+00:00,2023-01-01 09:00:00+00:00,0.7232545766788101,0.7254019213826791,16657.177524352388,1,REGIME_FLIP,BULL,-49.45520303870623,16.657177524352388,-66.11238056305862,-0.003969002579602933,83153.64191838395,0.16846358081616053
ARB-USDT-PERP,SHORT,2023-01-01 09:00:00+00:00,2023-01-01 10:00:00+00:00,1.4508038427653582,1.4473394872257317,16643.950859789402,1,REGIME_FLIP,BULL,39.74387278467452,16.643950859789403,23.09992192488512,0.0013878869337864295,83176.74184030884,0.16823258159691162
SUI-USDT-PERP,SHORT,2023-01-01 09:00:00+00:00,2023-01-01 10:00:00+00:00,0.7254019213826791,0.7236697436128658,16630.72838367679,1,REGIME_FLIP,BULL,39.712299006732906,16.63072838367679,23.081570623056116,0.001387886933786429,83199.82341093189,0.16800176589068114
ARB-USDT-PERP,SHORT,2023-01-01 18:00:00+00:00,2023-01-01 19:00:00+00:00,1.4424106001090118,1.4420787966925521,16639.96468218638,1,REGIME_FLIP,BULL,3.8277569028543716,16.639964682186378,-12.812207779332006,-0.0007699660440414209,83187.01120315255,0.1681298879684745
SUI-USDT-PERP,SHORT,2023-01-01 18:00:00+00:00,2023-01-01 19:00:00+00:00,0.7212053000545059,0.7210393983462761,16639.96468218638,1,REGIME_FLIP,BULL,3.8277569028543716,16.639964682186378,-12.812207779332006,-0.0007699660440414209,83174.19899537321,0.1682580100462679
ARB-USDT-PERP,SHORT,2023-01-01 19:00:00+00:00,2023-01-01 20:00:00+00:00,1.4420787966925521,1.4374832654314214,16637.402240630512,1,REGIME_FLIP,BULL,53.01908763666902,16.63740224063051,36.381685396038506,0.0021867407465325393,83210.58068076926,0.16789419319230742
SUI-USDT-PERP,SHORT,2023-01-01 19:00:00+00:00,2023-01-01 20:00:00+00:00,0.7210393983462761,0.7187416327157107,16634.83979907464,1,REGIME_FLIP,BULL,53.01092179975232,16.63483979907464,36.37608200067768,0.0021867407465325393,83246.95676276993,0.1675304323723007
ARB-USDT-PERP,SHORT,2023-01-01 20:00:00+00:00,2023-01-01 21:00:00+00:00,1.4374832654314214,1.4340972754309265,16642.11613615385,1,REGIME_FLIP,BULL,39.20048335809991,16.642116136153852,22.558367221946057,0.0013554987260868561,83269.51512999188,0.1673048487000812
SUI-USDT-PERP,SHORT,2023-01-01 20:00:00+00:00,2023-01-01 21:00:00+00:00,0.7187416327157107,0.7170486377154632,16649.391352553987,1,REGIME_FLIP,BULL,39.21762012106243,16.649391352553987,22.568228768508444,0.001355498726086856,83292.08335876038,0.16707916641239615
ARB-USDT-PERP,SHORT,2023-01-01 21:00:00+00:00,2023-01-01 22:00:00+00:00,1.4340972754309265,1.4298751492996344,16653.903025998377,1,REGIME_FLIP,BULL,49.03075987850436,16.65390302599838,32.37685685250598,0.0019441002389627541,83324.4602156129,0.16675539784387103
SUI-USDT-PERP,SHORT,2023-01-01 21:00:00+00:00,2023-01-01 22:00:00+00:00,0.7170486377154632,0.7149375746498172,16658.41667175208,1,REGIME_FLIP,BULL,49.04404850404642,16.65841667175208,32.385631832294344,0.0019441002389627541,83356.84584744519,0.1664315415255481
ARB-USDT-PERP,SHORT,2023-01-02 11:00:00+00:00,2023-01-02 12:00:00+00:00,1.4133757204369672,1.4153649151865368,16671.36916948904,1,REGIME_FLIP,BULL,-23.4634000998909,16.67136916948904,-40.134769269379944,-0.002407406905896622,83316.71107817581,0.1668328892182419
SUI-USDT-PERP,SHORT,2023-01-02 11:00:00+00:00,2023-01-02 12:00:00+00:00,0.7066878602184836,0.7076824575932684,16671.36916948904,1,REGIME_FLIP,BULL,-23.4634000998909,16.67136916948904,-40.134769269379944,-0.002407406905896622,83276.57630890643,0.16723423691093572
SOL-USDT-PERP,LONG,2023-01-03 09:00:00+00:00,2023-01-03 13:00:00+00:00,11.79,11.945,16655.315261781285,4,TP,HIGH_VOL,218.96300810654097,16.655315261781286,202.30769284475969,0.012146734520780418,83478.88400175118,0.16521115998248817
SOL-USDT-PERP,LONG,2023-01-03 13:00:00+00:00,2023-01-03 14:00:00+00:00,11.945,12.145,16695.77680035024,1,TP,HIGH_VOL,279.5441908807062,16.695776800350238,262.84841408035595,0.015743407283382107,83741.73241583155,0.16258267584168454
SOL-USDT-PERP,LONG,2023-01-03 15:00:00+00:00,2023-01-03 16:00:00+00:00,12.795,12.975,16748.34648316631,1,TP,HIGH_VOL,235.61565978663003,16.748346483166312,218.86731330346373,0.013067995310668209,83960.599729135,0.16039400270864992
SOL-USDT-PERP,LONG,2023-01-03 18:00:00+00:00,2023-01-03 20:00:00+00:00,12.87,13.03,16792.119945827002,2,TP,HIGH_VOL,208.75984392636542,16.792119945827004,191.9677239805384,0.011432012432012443,84152.56745311554,0.15847432546884463
SOL-USDT-PERP,LONG,2023-01-03 20:00:00+00:00,2023-01-03 21:00:00+00:00,13.03,13.205,16830.513490623107,1,TP,HIGH_VOL,226.04296706516163,16.830513490623108,209.21245357453853,0.012430544896392996,84361.77990669008,0.15638220093309924
SOL-USDT-PERP,LONG,2023-01-03 21:00:00+00:00,2023-01-03 22:00:00+00:00,13.205,13.32,16872.355981338016,1,TP,HIGH_VOL,146.93835197681753,16.872355981338018,130.0659959954795,0.0077088224157516256,84491.84590268556,0.15508154097314444
SOL-USDT-PERP,LONG,2023-01-03 22:00:00+00:00,2023-01-04 00:00:00+00:00,13.32,13.465,16898.369180537113,2,TP,HIGH_VOL,183.95371855689746,16.898369180537113,167.05534937636034,0.009885885885885853,84658.90125206191,0.15341098747938087
SOL-USDT-PERP,LONG,2023-01-04 00:00:00+00:00,2023-01-04 01:00:00+00:00,13.465,13.56,16931.780250412383,1,TP,HIGH_VOL,119.45927395389434,16.931780250412384,102.52749370348195,0.006055328629780961,84761.4287457654,0.152385712542346
SOL-USDT-PERP,LONG,2023-01-04 01:00:00+00:00,2023-01-04 02:00:00+00:00,13.56,13.665,16952.28574915308,1,TP,HIGH_VOL,131.26769938503324,16.95228574915308,114.31541363588016,0.006743362831858308,84875.74415940128,0.15124255840598722
SOL-USDT-PERP,LONG,2023-01-04 09:00:00+00:00,2023-01-04 10:00:00+00:00,13.735,13.58,16975.148831880255,1,SL,HIGH_VOL,-191.56520341765042,16.975148831880254,-208.54035224953068,-0.012285038223516518,84667.20380715175,0.15332796192848255
SOL-USDT-PERP,LONG,2023-01-04 13:00:00+00:00,2023-01-04 16:00:00+00:00,13.475,13.415,16933.44076143035,2,SL,HIGH_VOL,-75.39936517149012,16.93344076143035,-92.33280593292046,-0.005452690166975918,84574.87100121882,0.15425128998781176
ARB-USDT-PERP,SHORT,2023-01-05 07:00:00+00:00,2023-01-05 10:00:00+00:00,1.4017392666654012,1.4060700547260276,16914.974200243767,3,SL,BEAR,-52.26019564001185,16.91497420024377,-69.17516984025562,-0.004089581752909722,84505.69583137857,0.15494304168621428
SUI-USDT-PERP,SHORT,2023-01-05 07:00:00+00:00,2023-01-05 10:00:00+00:00,0.7008696333327006,0.7030350273630138,16914.974200243767,3,SL,BEAR,-52.26019564001185,16.91497420024377,-69.17516984025562,-0.004089581752909722,84436.52066153832,0.15563479338461678
ARB-USDT-PERP,SHORT,2023-01-06 09:00:00+00:00,2023-01-06 10:00:00+00:00,1.4057039121360102,1.4151781547214661,16887.304132307665,1,SL,BEAR,-113.81800575680174,16.887304132307666,-130.7053098891094,-0.007739856454592579,84305.81535164922,0.15694184648350784
SUI-USDT-PERP,SHORT,2023-01-06 09:00:00+00:00,2023-01-06 10:00:00+00:00,0.7028519560680051,0.7075890773607331,16887.304132307665,1,SL,BEAR,-113.81800575680174,16.887304132307666,-130.7053098891094,-0.007739856454592579,84175.11004176011,0.15824889958239888
ARB-USDT-PERP,SHORT,2023-01-06 12:00:00+00:00,2023-01-07 05:00:00+00:00,1.4045681856339924,1.3919492694557927,16835.02200835202,17,TP,BEAR,151.2491410202714,42.07958585560915,109.16955516466224,0.0064846695840671984,84284.27959692477,0.15715720403075234
SUI-USDT-PERP,SHORT,2023-01-06 12:00:00+00:00,2023-01-07 05:00:00+00:00,0.7022840928169962,0.6959746347278963,16835.02200835202,17,TP,BEAR,151.2491410202714,42.07958585560915,109.16955516466224,0.0064846695840671984,84393.44915208942,0.15606550847910577
ARB-USDT-PERP,SHORT,2023-01-11 01:00:00+00:00,2023-01-11 13:00:00+00:00,1.3731086719783692,1.3801348929968342,16878.689830417887,12,SL,BEAR,-86.36855018894154,33.745027200410036,-120.11357738935158,-0.007116285600135219,84273.33557470008,0.15726664425299924
SUI-USDT-PERP,SHORT,2023-01-11 01:00:00+00:00,2023-01-11 13:00:00+00:00,0.6865543359891846,0.6900674464984171,16878.689830417887,12,SL,BEAR,-86.36855018894154,33.745027200410036,-120.11357738935158,-0.007116285600135219,84153.22199731073,0.1584677800268927
ARB-USDT-PERP,SHORT,2023-01-11 13:00:00+00:00,2023-01-11 20:00:00+00:00,1.3801348929968342,1.3870040112686508,16854.667114940017,7,SL,BEAR,-83.88796083056936,16.854667114940018,-100.74262794550937,-0.0059771354283355066,84052.47936936522,0.15947520630634782
SUI-USDT-PERP,SHORT,2023-01-11 13:00:00+00:00,2023-01-11 20:00:00+00:00,0.6900674464984171,0.6935020056343254,16830.644399462148,7,SL,BEAR,-83.76839652227963,16.830644399462148,-100.59904092174177,-0.0059771354283355066,83951.88032844347,0.16048119671556532
ARB-USDT-PERP,SHORT,2023-01-12 06:00:00+00:00,2023-01-12 14:00:00+00:00,1.3910034182471973,1.379339149287243,16790.376065688695,8,TP,BEAR,140.7958167462722,30.39858651815183,110.39723022812038,0.006575030231378691,84062.27755867159,0.15937722441328414
SUI-USDT-PERP,SHORT,2023-01-12 06:00:00+00:00,2023-01-12 14:00:00+00:00,0.6955017091235987,0.6896695746436216,16790.376065688695,8,TP,BEAR,140.7958167462722,30.39858651815183,110.39723022812038,0.006575030231378691,84172.6747888997,0.15827325211100296
ARB-USDT-PERP,SHORT,2023-01-12 20:00:00+00:00,2023-01-12 21:00:00+00:00,1.3978786630149174,1.4034261524020715,16834.534957779942,1,SL,BEAR,-66.80794727529394,16.834534957779944,-83.64248223307388,-0.004968505660705477,84089.03230666663,0.1591096769333337
SUI-USDT-PERP,SHORT,2023-01-12 20:00:00+00:00,2023-01-12 21:00:00+00:00,0.6989393315074587,0.7017130762010357,16834.534957779942,1,SL,BEAR,-66.80794727529394,16.834534957779944,-83.64248223307388,-0.004968505660705477,84005.38982443356,0.15994610175566443
ARB-USDT-PERP,SHORT,2023-01-12 21:00:00+00:00,2023-01-12 22:00:00+00:00,1.4034261524020715,1.4074395397499713,16817.806461333326,1,REGIME_FLIP,BEAR,-48.093995936884504,16.817806461333326,-64.91180239821783,-0.003859706826063188,83940.47802203534,0.16059521977964658
SUI-USDT-PERP,SHORT,2023-01-12 21:00:00+00:00,2023-01-12 22:00:00+00:00,0.7017130762010357,0.7037197698749856,16801.077964886714,1,REGIME_FLIP,BEAR,-48.04615734140635,16.801077964886716,-64.84723530629307,-0.0038597068260631884,83875.63078672905,0.16124369213270956
ARB-USDT-PERP,SHORT,2023-01-12 22:00:00+00:00,2023-01-12 23:00:00+00:00,1.4074395397499713,1.4110388630749728,16788.09560440707,1,REGIME_FLIP,BULL,-42.93312954816744,16.78809560440707,-59.72122515257451,-0.0035573555547835337,83815.90956157647,0.16184090438423532
SUI-USDT-PERP,SHORT,2023-01-12 22:00:00+00:00,2023-01-12 23:00:00+00:00,0.7037197698749856,0.7055194315374864,16775.12615734581,1,REGIME_FLIP,BULL,-42.89996206068286,16.77512615734581,-59.67508821802867,-0.0035573555547835332,83756.23447335843,0.16243765526641568
ARB-USDT-PERP,SHORT,2023-01-13 00:00:00+00:00,2023-01-13 01:00:00+00:00,1.4102145009682363,1.4038054037817453,16751.246894671687,1,REGIME_FLIP,BULL,76.13052430615588,16.751246894671688,59.37927741148419,0.003544767609530716,83815.61375076992,0.16184386249230084
SUI-USDT-PERP,SHORT,2023-01-13 00:00:00+00:00,2023-01-13 01:00:00+00:00,0.7051072504841182,0.7019027018908727,16751.246894671687,1,REGIME_FLIP,BULL,76.13052430615588,16.751246894671688,59.37927741148419,0.003544767609530716,83874.9930281814,0.16125006971818598
ARB-USDT-PERP,SHORT,2023-01-13 23:00:00+00:00,2023-01-14 00:00:00+00:00,1.387945248089706,1.3901363489463685,16774.99860563628,1,REGIME_FLIP,BULL,-26.48210645622295,16.77499860563628,-43.257105061859235,-0.0025786651956754953,83831.73592311954,0.16168264076880456
SUI-USDT-PERP,SHORT,2023-01-13 23:00:00+00:00,2023-01-14 00:00:00+00:00,0.693972624044853,0.6950681744731843,16774.99860563628,1,REGIME_FLIP,BULL,-26.48210645622295,16.77499860563628,-43.257105061859235,-0.0025786651956754953,83788.47881805769,0.16211521181942312
ARB-USDT-PERP,SHORT,2023-01-14 02:00:00+00:00,2023-01-14 03:00:00+00:00,1.4030373467636197,1.398331433052268,16757.695763611537,1,REGIME_FLIP,BULL,56.206821897183026,16.757695763611537,39.44912613357149,0.0023540901261158596,83827.92794419125,0.16172072055808748
SUI-USDT-PERP,SHORT,2023-01-14 02:00:00+00:00,2023-01-14 03:00:00+00:00,0.7015186733818098,0.699165716526134,16757.695763611537,1,REGIME_FLIP,BULL,56.206821897183026,16.757695763611537,39.44912613357149,0.0023540901261158596,83867.37707032482,0.16132622929675183
ARB-USDT-PERP,SHORT,2023-01-14 03:00:00+00:00,2023-01-14 04:00:00+00:00,1.398331433052268,1.3990423913060488,16765.58558883825,1,REGIME_FLIP,BULL,-8.524181872844117,16.76558558883825,-25.289767461682366,-0.00150843329197634,83842.08730286313,0.16157912697136867
SUI-USDT-PERP,SHORT,2023-01-14 03:00:00+00:00,2023-01-14 04:00:00+00:00,0.699165716526134,0.6995211956530244,16773.475414064964,1,REGIME_FLIP,BULL,-8.528193322657254,16.773475414064965,-25.30166873672222,-0.0015084332919763402,83816.78563412641,0.16183214365873588
ARB-USDT-PERP,SHORT,2023-01-17 20:00:00+00:00,2023-01-17 21:00:00+00:00,1.4330782344016921,1.4375259689802604,16763.35712682528,1,SL,BULL,-52.02714084691835,16.763357126825284,-68.79049797374364,-0.004103623006614993,83747.99513615266,0.16252004863847339
SUI-USDT-PERP,SHORT,2023-01-17 20:00:00+00:00,2023-01-17 21:00:00+00:00,0.7165391172008461,0.7187629844901302,16763.35712682528,1,SL,BULL,-52.02714084691835,16.763357126825284,-68.79049797374364,-0.004103623006614993,83679.20463817891,0.1632079536182109
ARB-USDT-PERP,SHORT,2023-01-17 23:00:00+00:00,2023-01-18 00:00:00+00:00,1.4353924206029254,1.4303630615175726,16735.84092763578,1,REGIME_FLIP,BULL,58.63940230718788,16.73584092763578,41.9035613795521,0.0025038216819064664,83721.10819955847,0.1627889180044153
SUI-USDT-PERP,SHORT,2023-01-17 23:00:00+00:00,2023-01-18 00:00:00+00:00,0.7176962103014627,0.7151815307587863,16735.84092763578,1,REGIME_FLIP,BULL,58.63940230718788,16.73584092763578,41.9035613795521,0.0025038216819064664,83763.01176093802,0.16236988239061975
ARB-USDT-PERP,SHORT,2023-01-18 00:00:00+00:00,2023-01-18 01:00:00+00:00,1.4303630615175726,1.4264754129858053,16744.221639911695,1,REGIME_FLIP,BULL,45.50987817381528,16.744221639911697,28.765656533903584,0.0017179452800205103,83791.77741747192,0.16208222582528076
SUI-USDT-PERP,SHORT,2023-01-18 00:00:00+00:00,2023-01-18 01:00:00+00:00,0.7151815307587863,0.7132377064929026,16752.602352187605,1,REGIME_FLIP,BULL,45.5326564911888,16.752602352187605,28.780054139001198,0.0017179452800205105,83820.55747161093,0.16179442528389074
ARB-USDT-PERP,SHORT,2023-01-18 01:00:00+00:00,2023-01-18 02:00:00+00:00,1.4264754129858053,1.4279847815294673,16758.355483494386,1,REGIME_FLIP,BULL,-17.73219109143101,16.758355483494388,-34.490546574925396,-0.002058110451762154,83786.066925036,0.16213933074964007
SUI-USDT-PERP,SHORT,2023-01-18 01:00:00+00:00,2023-01-18 02:00:00+00:00,0.7132377064929026,0.7139923907647336,16764.111494322187,1,REGIME_FLIP,BULL,-17.738281586648363,16.764111494322187,-34.50239308097055,-0.0020581104517621534,83751.56453195502,0.16248435468044975
ARB-USDT-PERP,SHORT,2023-01-18 02:00:00+00:00,2023-01-18 03:00:00+00:00,1.4279847815294673,1.4302722650364017,16757.2133850072,1,REGIME_FLIP,BULL,-26.843317755339562,16.757213385007198,-43.60053114034676,-0.0026018962782533087,83707.96400081468,0.16292035999185317
SUI-USDT-PERP,SHORT,2023-01-18 02:00:00+00:00,2023-01-18 03:00:00+00:00,0.7139923907647336,0.7151361325182009,16750.312906391006,1,REGIME_FLIP,BULL,-26.832263904326116,16.750312906391006,-43.58257681071712,-0.0026018962782533087,83664.38142400396,0.16335618575996036
ARB-USDT-PERP,SHORT,2023-01-18 04:00:00+00:00,2023-01-18 05:00:00+00:00,1.4346739937409265,1.4429324786985447,16732.876284800794,1,SL,BULL,-96.32028439812025,16.732876284800795,-113.05316068292105,-0.006756349521666648,83551.32826332105,0.16448671736678952
SUI-USDT-PERP,SHORT,2023-01-18 04:00:00+00:00,2023-01-18 05:00:00+00:00,0.7173369968704633,0.7214662393492723,16732.876284800794,1,SL,BULL,-96.32028439812025,16.732876284800795,-113.05316068292105,-0.006756349521666648,83438.27510263813,0.1656172489736187
ARB-USDT-PERP,SHORT,2023-01-18 12:00:00+00:00,2023-01-18 13:00:00+00:00,1.4487324224945088,1.4483628762220815,16687.655020527625,1,REGIME_FLIP,BULL,4.256728580541604,16.687655020527625,-12.43092643998602,-0.0007449175108602517,83425.84417619814,0.16574155823801862
SUI-USDT-PERP,SHORT,2023-01-18 12:00:00+00:00,2023-01-18 13:00:00+00:00,0.7243662112472544,0.7241814381110407,16687.655020527625,1,REGIME_FLIP,BULL,4.256728580541604,16.687655020527625,-12.43092643998602,-0.0007449175108602517,83413.41324975814,0.16586586750241855
ARB-USDT-PERP,SHORT,2023-01-18 13:00:00+00:00,2023-01-18 14:00:00+00:00,1.4483628762220815,1.4461093689775326,16685.168835239627,1,REGIME_FLIP,BULL,25.960447802148845,16.685168835239626,9.27527896690922,0.0005558996171090295,83422.68852872505,0.16577311471274953
SUI-USDT-PERP,SHORT,2023-01-18 13:00:00+00:00,2023-01-18 14:00:00+00:00,0.7241814381110407,0.7230546844887663,16682.68264995163,1,REGIME_FLIP,BULL,25.956579547411184,16.68268264995163,9.273896897459554,0.0005558996171090291,83431.9624256225,0.16568037574377492
ARB-USDT-PERP,SHORT,2023-01-18 15:00:00+00:00,2023-01-18 16:00:00+00:00,1.45187591709191,1.4513752882261317,16686.392485124503,1,REGIME_FLIP,BULL,5.753721544256704,16.686392485124504,-10.9326709408678,-0.0006551848130513531,83421.02975468164,0.16578970245318356
SUI-USDT-PERP,SHORT,2023-01-18 15:00:00+00:00,2023-01-18 16:00:00+00:00,0.725937958545955,0.7256876441130659,16686.392485124503,1,REGIME_FLIP,BULL,5.753721544256704,16.686392485124504,-10.9326709408678,-0.0006551848130513531,83410.09708374078,0.1658990291625922
ARB-USDT-PERP,SHORT,2023-01-18 17:00:00+00:00,2023-01-18 18:00:00+00:00,1.4425294607632468,1.4399089858453478,16682.019416748157,1,REGIME_FLIP,BULL,30.304277763841466,16.682019416748158,13.622258347093307,0.0008165832928726268,83423.71934208788,0.16576280657912124
SUI-USDT-PERP,SHORT,2023-01-18 17:00:00+00:00,2023-01-18 18:00:00+00:00,0.7212647303816234,0.7199544929226739,16682.019416748157,1,REGIME_FLIP,BULL,30.304277763841466,16.682019416748158,13.622258347093307,0.0008165832928726268,83437.34160043497,0.16562658399565028
ARB-USDT-PERP,SHORT,2023-01-18 19:00:00+00:00,2023-01-18 20:00:00+00:00,1.4406794439398338,1.4400764189831463,16687.468320086995,1,REGIME_FLIP,BULL,6.984870856090999,16.687468320086996,-9.702597463995996,-0.0005814301653125425,83427.63900297097,0.16572360997029026
SUI-USDT-PERP,SHORT,2023-01-18 19:00:00+00:00,2023-01-18 20:00:00+00:00,0.7203397219699169,0.7200382094915732,16687.468320086995,1,REGIME_FLIP,BULL,6.984870856090999,16.687468320086996,-9.702597463995996,-0.0005814301653125425,83417.93640550697,0.16582063594493027
ARB-USDT-PERP,SHORT,2023-01-20 01:00:00+00:00,2023-01-20 02:00:00+00:00,1.4474928029155523,1.4496551481268944,16683.587281101394,1,REGIME_FLIP,BULL,-24.922870077581667,16.683587281101396,-41.60645735868306,-0.0024938555873899766,83376.3299481483,0.16623670051851702
SUI-USDT-PERP,SHORT,2023-01-20 01:00:00+00:00,2023-01-20 02:00:00+00:00,0.7237464014577761,0.7248275740634472,16683.587281101394,1,REGIME_FLIP,BULL,-24.922870077581667,16.683587281101396,-41.60645735868306,-0.0024938555873899766,83334.72349078962,0.1666527650921038
ARB-USDT-PERP,SHORT,2023-01-20 02:00:00+00:00,2023-01-20 03:00:00+00:00,1.4496551481268944,1.444553964978193,16675.26598962966,1,REGIME_FLIP,BULL,58.67849741803931,16.67526598962966,42.00323142840965,0.002518894238600538,83376.72672221802,0.16623273277781977
SUI-USDT-PERP,SHORT,2023-01-20 02:00:00+00:00,2023-01-20 03:00:00+00:00,0.7248275740634472,0.7222769824890966,16666.944698157924,1,REGIME_FLIP,BULL,58.6492156734217,16.666944698157923,41.98227097526377,0.0025188942386005376,83418.70899319329,0.16581291006806714
ARB-USDT-PERP,SHORT,2023-01-20 04:00:00+00:00,2023-01-20 05:00:00+00:00,1.4497009402114553,1.4497732878898497,16683.741798638657,1,REGIME_FLIP,BULL,-0.832606196617724,16.683741798638657,-17.516347995256382,-0.0010499052434799526,83401.19264519803,0.16598807354801975
SUI-USDT-PERP,SHORT,2023-01-20 04:00:00+00:00,2023-01-20 05:00:00+00:00,0.7248504701057277,0.7248866439449249,16683.741798638657,1,REGIME_FLIP,BULL,-0.832606196617724,16.683741798638657,-17.516347995256382,-0.0010499052434799526,83383.67629720276,0.16616323702797237
ARB-USDT-PERP,SHORT,2023-01-20 07:00:00+00:00,2023-01-20 08:00:00+00:00,1.44308991307044,1.4435764937982847,16676.735259440553,1,REGIME_FLIP,BULL,-5.623057792252521,16.67673525944055,-22.299793051693072,-0.001337179771986208,83361.37650415108,0.16638623495848923
SUI-USDT-PERP,SHORT,2023-01-20 07:00:00+00:00,2023-01-20 08:00:00+00:00,0.72154495653522,0.7217882468991423,16676.735259440553,1,REGIME_FLIP,BULL,-5.623057792252521,16.67673525944055,-22.299793051693072,-0.001337179771986208,83339.07671109939,0.1666092328890061
ARB-USDT-PERP,SHORT,2023-01-20 08:00:00+00:00,2023-01-20 09:00:00+00:00,1.4435764937982847,1.446643722375048,16672.275300830217,1,REGIME_FLIP,BULL,-35.42429477208969,16.67227530083022,-52.0965700729199,-0.0031247426720650232,83286.98014102648,0.16713019858973524
SUI-USDT-PERP,SHORT,2023-01-20 08:00:00+00:00,2023-01-20 09:00:00+00:00,0.7217882468991423,0.723321861187524,16667.815342219877,1,REGIME_FLIP,BULL,-35.41481850771466,16.66781534221988,-52.08263384993454,-0.0031247426720650237,83234.89750717655,0.16765102492823455
ARB-USDT-PERP,SHORT,2023-01-22 23:00:00+00:00,2023-01-23 00:00:00+00:00,1.4787818026608721,1.4811333920938408,16646.97950143531,1,REGIME_FLIP,BULL,-26.472371391087837,16.64697950143531,-43.119350892523144,-0.002590220699725459,83191.77815628402,0.16808221843715976
SUI-USDT-PERP,SHORT,2023-01-22 23:00:00+00:00,2023-01-23 00:00:00+00:00,0.7393909013304361,0.7405666960469204,16646.97950143531,1,REGIME_FLIP,BULL,-26.472371391087837,16.64697950143531,-43.119350892523144,-0.002590220699725459,83148.6588053915,0.16851341194608496
ARB-USDT-PERP,SHORT,2023-01-23 01:00:00+00:00,2023-01-23 02:00:00+00:00,1.485108523772923,1.4853023111219594,16629.731761078303,1,REGIME_FLIP,BULL,-2.1699637309876336,16.629731761078304,-18.799695492065936,-0.0011304869953504848,83129.85910989944,0.16870140890100563
SUI-USDT-PERP,SHORT,2023-01-23 01:00:00+00:00,2023-01-23 02:00:00+00:00,0.7425542618864615,0.7426511555609797,16629.731761078303,1,REGIME_FLIP,BULL,-2.1699637309876336,16.629731761078304,-18.799695492065936,-0.0011304869953504848,83111.05941440737,0.1688894058559263
SOL-USDT-PERP,SHORT,2023-01-30 00:00:00+00:00,2023-01-30 01:00:00+00:00,26.27,25.705,16622.211882881475,1,TP,BULL,357.50094076239264,16.622211882881476,340.8787288795112,0.02050742291587367,83451.93814328688,0.16548061856713117
SOL-USDT-PERP,SHORT,2023-01-30 01:00:00+00:00,2023-01-30 02:00:00+00:00,25.705,25.35,16690.387628657376,1,TP,BULL,230.50331095791933,16.690387628657376,213.81292332926193,0.012810542695973424,83665.75106661614,0.1633424893338386
SOL-USDT-PERP,SHORT,2023-01-30 02:00:00+00:00,2023-01-30 03:00:00+00:00,25.35,25.475,16733.150213323228,1,SL,BULL,-82.51060262979895,16.733150213323228,-99.24375284312218,-0.005930966469428008,83566.50731377302,0.16433492686226978
ARB-USDT-PERP,LONG,2023-02-02 09:00:00+00:00,2023-02-02 13:00:00+00:00,1.6221393393218388,1.61629225916988,16713.301462754604,4,SL,BULL,-60.243908083402516,16.713301462754604,-76.95720954615712,-0.0046045486415508844,83489.55010422686,0.1651044989577314
SUI-USDT-PERP,LONG,2023-02-02 09:00:00+00:00,2023-02-02 13:00:00+00:00,0.8110696696609194,0.80814612958494,16713.301462754604,4,SL,BULL,-60.243908083402516,16.713301462754604,-76.95720954615712,-0.0046045486415508844,83412.5928946807,0.16587407105319305
ARB-USDT-PERP,LONG,2023-02-02 15:00:00+00:00,2023-02-02 16:00:00+00:00,1.6153699204196519,1.6074963423058053,16682.51857893614,1,SL,BULL,-81.31333356314288,16.68251857893614,-97.99585214207902,-0.005874164124463292,83314.59704253862,0.16685402957461382
SUI-USDT-PERP,LONG,2023-02-02 15:00:00+00:00,2023-02-02 16:00:00+00:00,0.8076849602098259,0.8037481711529026,16682.51857893614,1,SL,BULL,-81.31333356314288,16.68251857893614,-97.99585214207902,-0.005874164124463292,83216.60119039654,0.1678339880960346
ARB-USDT-PERP,LONG,2023-02-02 17:00:00+00:00,2023-02-03 01:00:00+00:00,1.6052744361842128,1.6232622555096343,16643.32023807931,8,TP,BULL,186.4958605640852,28.341774128598967,158.15408643548625,0.009502556231156058,83374.75527683203,0.1662524472316797
SUI-USDT-PERP,LONG,2023-02-02 17:00:00+00:00,2023-02-03 01:00:00+00:00,0.8026372180921064,0.8116311277548172,16643.32023807931,8,TP,BULL,186.4958605640852,28.341774128598967,158.15408643548625,0.009502556231156058,83532.90936326752,0.1646709063673248
ARB-USDT-PERP,LONG,2023-02-06 03:00:00+00:00,2023-02-06 05:00:00+00:00,1.5823295395648451,1.5955572160021199,16706.581872653504,2,TP,BULL,139.6607052188851,16.706581872653505,122.95412334623161,0.0073596217516816815,83655.86348661376,0.16344136513386243
SUI-USDT-PERP,LONG,2023-02-06 03:00:00+00:00,2023-02-06 05:00:00+00:00,0.7911647697824226,0.7977786080010599,16706.581872653504,2,TP,BULL,139.6607052188851,16.706581872653505,122.95412334623161,0.0073596217516816815,83778.81760996,0.16221182390040004
ARB-USDT-PERP,LONG,2023-02-06 19:00:00+00:00,2023-02-06 23:00:00+00:00,1.5823542487041338,1.5740437877819349,16755.763521992,4,SL,BULL,-88.00059663324897,16.755763521992,-104.75636015524097,-0.006251959811783441,83674.06124980476,0.16325938750195243
SUI-USDT-PERP,LONG,2023-02-06 19:00:00+00:00,2023-02-06 23:00:00+00:00,0.7911771243520669,0.7870218938909674,16755.763521992,4,SL,BULL,-88.00059663324897,16.755763521992,-104.75636015524097,-0.006251959811783441,83569.30488964952,0.16430695110350482
ARB-USDT-PERP,LONG,2023-02-07 07:00:00+00:00,2023-02-07 11:00:00+00:00,1.5637664762987549,1.5571765963550486,16713.860977929904,4,SL,BULL,-70.43400591439278,16.713860977929905,-87.1478668923227,-0.005214107440967623,83482.1570227572,0.16517842977242805
SUI-USDT-PERP,LONG,2023-02-07 07:00:00+00:00,2023-02-07 11:00:00+00:00,0.7818832381493774,0.7785882981775243,16713.860977929904,4,SL,BULL,-70.43400591439278,16.713860977929905,-87.1478668923227,-0.005214107440967623,83395.00915586487,0.16604990844135128
ARB-USDT-PERP,LONG,2023-02-07 11:00:00+00:00,2023-02-07 22:00:00+00:00,1.5571765963550486,1.5511630594620762,16696.43140455144,11,SL,BULL,-64.47862526785573,27.04141617511104,-91.52004144296677,-0.005481413316741351,83303.4891144219,0.166965108855781
SUI-USDT-PERP,LONG,2023-02-07 11:00:00+00:00,2023-02-07 22:00:00+00:00,0.7785882981775243,0.7755815297310381,16679.001831172976,11,SL,BULL,-64.41131537969949,27.013187367645436,-91.42450274734492,-0.00548141331674135,83212.06461167455,0.1678793538832545
ARB-USDT-PERP,LONG,2023-02-08 11:00:00+00:00,2023-02-08 18:00:00+00:00,1.5607306037715198,1.551417098770872,16642.412922334912,7,SL,BULL,-99.311947622771,16.642412922334913,-115.95436054510591,-0.0069674007661166505,83096.11025112944,0.16903889748870554
SUI-USDT-PERP,LONG,2023-02-08 11:00:00+00:00,2023-02-08 18:00:00+00:00,0.7803653018857599,0.775708549385436,16642.412922334912,7,SL,BULL,-99.311947622771,16.642412922334913,-115.95436054510591,-0.0069674007661166505,82980.15589058434,0.17019844109415658
ARB-USDT-PERP,LONG,2023-02-14 19:00:00+00:00,2023-02-14 20:00:00+00:00,1.4546252968887734,1.4566870999580643,16596.031178116868,1,REGIME_FLIP,BEAR,23.5234105265982,16.596031178116867,6.927379348481335,0.0004174118061199844,82987.08326993282,0.17012916730067185
SUI-USDT-PERP,LONG,2023-02-14 19:00:00+00:00,2023-02-14 20:00:00+00:00,0.7273126484443867,0.7283435499790322,16596.031178116868,1,REGIME_FLIP,BEAR,23.5234105265982,16.596031178116867,6.927379348481335,0.0004174118061199844,82994.01064928129,0.1700598935071871
ARB-USDT-PERP,LONG,2023-02-14 21:00:00+00:00,2023-02-14 22:00:00+00:00,1.455516514214482,1.4640523725440096,16598.80212985626,1,REGIME_FLIP,BEAR,97.34346676016908,16.59880212985626,80.74466463031283,0.004864487449071847,83074.7553139116,0.16925244686088395
SUI-USDT-PERP,LONG,2023-02-14 21:00:00+00:00,2023-02-14 22:00:00+00:00,0.727758257107241,0.7320261862720048,16598.80212985626,1,REGIME_FLIP,BEAR,97.34346676016908,16.59880212985626,80.74466463031283,0.004864487449071847,83155.49997854192,0.1684450002145808
ARB-USDT-PERP,LONG,2023-02-17 09:00:00+00:00,2023-02-17 10:00:00+00:00,1.4437401240637657,1.4425003337298619,16631.099995708384,1,REGIME_FLIP,BEAR,-14.28170948025631,16.631099995708386,-30.912809475964696,-0.0018587351097607298,83124.58716906596,0.16875412830934045
SUI-USDT-PERP,LONG,2023-02-17 09:00:00+00:00,2023-02-17 10:00:00+00:00,0.7218700620318829,0.7212501668649309,16631.099995708384,1,REGIME_FLIP,BEAR,-14.28170948025631,16.631099995708386,-30.912809475964696,-0.0018587351097607298,83093.67435958999,0.1690632564041001
ARB-USDT-PERP,LONG,2023-02-17 10:00:00+00:00,2023-02-17 11:00:00+00:00,1.4425003337298619,1.445609147232901,16624.917433813192,1,REGIME_FLIP,BEAR,35.829293482039844,16.62491743381319,19.204376048226653,0.0011551561759438958,83112.87873563822,0.16887121264361776
SUI-USDT-PERP,LONG,2023-02-17 10:00:00+00:00,2023-02-17 11:00:00+00:00,0.7212501668649309,0.7228045736164505,16618.734871917997,1,REGIME_FLIP,BEAR,35.81596909558826,16.618734871917997,19.19723422367026,0.0011551561759438958,83132.0759698619,0.16867924030138107
ARB-USDT-PERP,LONG,2023-02-17 13:00:00+00:00,2023-02-17 14:00:00+00:00,1.44618054341255,1.450900910932212,16626.415193972378,1,REGIME_FLIP,BEAR,54.26901268139325,16.626415193972377,37.64259748742087,0.0022640236664526188,83169.71856734931,0.16830281432650693
SUI-USDT-PERP,LONG,2023-02-17 13:00:00+00:00,2023-02-17 14:00:00+00:00,0.723090271706275,0.725450455466106,16626.415193972378,1,REGIME_FLIP,BEAR,54.26901268139325,16.626415193972377,37.64259748742087,0.0022640236664526188,83207.36116483672,0.1679263883516328
ARB-USDT-PERP,LONG,2023-02-17 14:00:00+00:00,2023-02-17 15:00:00+00:00,1.450900910932212,1.4503527488774872,16633.943713469864,1,REGIME_FLIP,BEAR,-6.28443796226783,16.633943713469865,-22.918381675737695,-0.001377808057458966,83184.44278316098,0.16815557216839022
SUI-USDT-PERP,LONG,2023-02-17 14:00:00+00:00,2023-02-17 15:00:00+00:00,0.725450455466106,0.7251763744387436,16641.472232967346,1,REGIME_FLIP,BEAR,-6.287282297594716,16.641472232967345,-22.92875453056206,-0.0013778080574589659,83161.51402863042,0.16838485971369577
ARB-USDT-PERP,LONG,2023-02-17 21:00:00+00:00,2023-02-17 22:00:00+00:00,1.4472100991288108,1.4535022269258995,16632.302805726085,1,REGIME_FLIP,BEAR,72.3133253951885,16.632302805726084,55.681022589462415,0.003347763880915686,83217.19505121988,0.1678280494878012
SUI-USDT-PERP,LONG,2023-02-17 21:00:00+00:00,2023-02-17 22:00:00+00:00,0.7236050495644054,0.7267511134629497,16632.302805726085,1,REGIME_FLIP,BEAR,72.3133253951885,16.632302805726084,55.681022589462415,0.003347763880915686,83272.87607380934,0.1672712392619066
ARB-USDT-PERP,LONG,2023-02-20 02:00:00+00:00,2023-02-20 03:00:00+00:00,1.4571757888046748,1.4518315929556942,16654.57521476187,1,SL,BEAR,-61.08069624343466,16.65457521476187,-77.73527145819654,-0.004667502500411747,83195.14080235115,0.16804859197648853
SUI-USDT-PERP,LONG,2023-02-20 02:00:00+00:00,2023-02-20 03:00:00+00:00,0.7285878944023374,0.7259157964778471,16654.57521476187,1,SL,BEAR,-61.08069624343466,16.65457521476187,-77.73527145819654,-0.004667502500411747,83117.40553089295,0.16882594469107048
ARB-USDT-PERP,LONG,2023-02-20 07:00:00+00:00,2023-02-20 08:00:00+00:00,1.4484978371162156,1.4363932264452013,16623.48110617859,1,SL,BEAR,-138.91685691975934,16.62348110617859,-155.54033802593793,-0.0093566646499888,82961.86519286702,0.17038134807132985
SUI-USDT-PERP,LONG,2023-02-20 07:00:00+00:00,2023-02-20 08:00:00+00:00,0.7242489185581078,0.7181966132226006,16623.48110617859,1,SL,BEAR,-138.91685691975934,16.62348110617859,-155.54033802593793,-0.0093566646499888,82806.32485484108,0.17193675145158924
ARB-USDT-PERP,SHORT,2023-03-09 21:00:00+00:00,2023-03-09 22:00:00+00:00,1.3773430571097074,1.376513436689695,16561.264970968215,1,REGIME_FLIP,BULL,9.97541137643943,16.561264970968217,-6.585853594528787,-0.0003976660965254613,82799.73900124655,0.17200260998753453
SUI-USDT-PERP,SHORT,2023-03-09 21:00:00+00:00,2023-03-09 22:00:00+00:00,0.6886715285548537,0.6882567183448475,16561.264970968215,1,REGIME_FLIP,BULL,9.97541137643943,16.561264970968217,-6.585853594528787,-0.0003976660965254613,82793.15314765202,0.17206846852347982
ARB-USDT-PERP,SHORT,2023-03-09 23:00:00+00:00,2023-03-10 00:00:00+00:00,1.3724060254101114,1.3725705102908634,16558.630629530406,1,REGIME_FLIP,BULL,-1.9845762362502066,16.558630629530406,-18.54320686578061,-0.0011198514708523628,82774.60994078623,0.17225390059213766
SUI-USDT-PERP,SHORT,2023-03-09 23:00:00+00:00,2023-03-10 00:00:00+00:00,0.6862030127050557,0.6862852551454317,16558.630629530406,1,REGIME_FLIP,BULL,-1.9845762362502066,16.558630629530406,-18.54320686578061,-0.0011198514708523628,82756.06673392045,0.17243933266079547
ARB-USDT-PERP,SHORT,2023-03-10 00:00:00+00:00,2023-03-10 01:00:00+00:00,1.3725705102908634,1.3723309738537308,16554.921988157246,1,REGIME_FLIP,BULL,2.889109885663262,16.554921988157247,-13.665812102493984,-0.0008254833282977703,82742.40092181796,0.17257599078182043
SUI-USDT-PERP,SHORT,2023-03-10 00:00:00+00:00,2023-03-10 01:00:00+00:00,0.6862852551454317,0.6861654869268654,16551.21334678409,1,REGIME_FLIP,BULL,2.888462665914282,16.551213346784092,-13.66275068086981,-0.0008254833282977704,82728.73817113708,0.17271261828862916
ARB-USDT-PERP,SHORT,2023-03-10 01:00:00+00:00,2023-03-10 02:00:00+00:00,1.3723309738537308,1.3789737340617643,16548.48018436359,1,SL,BULL,-80.10282341979484,16.54848018436359,-96.65130360415844,-0.00584049426457197,82632.08686753293,0.17367913132467075
SUI-USDT-PERP,SHORT,2023-03-10 01:00:00+00:00,2023-03-10 02:00:00+00:00,0.6861654869268654,0.6894868670308821,16545.747634227417,1,SL,BULL,-80.08959652653304,16.545747634227418,-96.63534416076047,-0.00584049426457197,82535.45152337216,0.1746454847662784
ARB-USDT-PERP,SHORT,2023-03-10 03:00:00+00:00,2023-03-10 04:00:00+00:00,1.3772234970731572,1.3785550747415543,16507.09030467443,1,REGIME_FLIP,BULL,-15.959989694215166,16.50709030467443,-32.467079998889595,-0.0019668566294627743,82502.98444337327,0.17497015556626735
SUI-USDT-PERP,SHORT,2023-03-10 03:00:00+00:00,2023-03-10 04:00:00+00:00,0.6886117485365786,0.6892775373707771,16507.09030467443,1,REGIME_FLIP,BULL,-15.959989694215166,16.50709030467443,-32.467079998889595,-0.0019668566294627743,82470.51736337437,0.17529482636625632
ARB-USDT-PERP,SHORT,2023-03-11 13:00:00+00:00,2023-03-11 14:00:00+00:00,1.3880680937265337,1.3864044259789752,16494.103472674873,1,REGIME_FLIP,BULL,19.768992671471075,16.494103472674873,3.2748891987962025,0.00019854908781320437,82473.79225257317,0.1752620774742683
SUI-USDT-PERP,SHORT,2023-03-11 13:00:00+00:00,2023-03-11 14:00:00+00:00,0.6940340468632669,0.6932022129894876,16494.103472674873,1,REGIME_FLIP,BULL,19.768992671471075,16.494103472674873,3.2748891987962025,0.00019854908781320437,82477.06714177197,0.1752293285822803
ARB-USDT-PERP,SHORT,2023-03-11 16:00:00+00:00,2023-03-11 17:00:00+00:00,1.3933375159541819,1.392510093306057,16495.413428354394,1,REGIME_FLIP,BULL,9.795672982691785,16.495413428354393,-6.6997404456626075,-0.00040615777681244714,82470.36740132631,0.17529632598673692
SUI-USDT-PERP,SHORT,2023-03-11 16:00:00+00:00,2023-03-11 17:00:00+00:00,0.6966687579770909,0.6962550466530285,16495.413428354394,1,REGIME_FLIP,BULL,9.795672982691785,16.495413428354393,-6.6997404456626075,-0.00040615777681244714,82463.66766088064,0.17536332339119357
ARB-USDT-PERP,SHORT,2023-03-11 17:00:00+00:00,2023-03-11 18:00:00+00:00,1.392510093306057,1.3904367689788069,16494.073480265262,1,REGIME_FLIP,BULL,24.558216106638625,16.494073480265264,8.06414262637336,0.0004889115254653074,82471.73180350702,0.1752826819649298
SUI-USDT-PERP,SHORT,2023-03-11 17:00:00+00:00,2023-03-11 18:00:00+00:00,0.6962550466530285,0.6952183844894034,16492.73353217613,1,REGIME_FLIP,BULL,24.55622104248519,16.492733532176132,8.06348751030906,0.0004889115254653074,82479.79529101733,0.17520204708982667
ARB-USDT-PERP,SHORT,2023-03-11 20:00:00+00:00,2023-03-11 21:00:00+00:00,1.3951511249985553,1.390830907243106,16495.95905820347,1,REGIME_FLIP,BULL,51.08130147297815,16.495959058203468,34.58534241477468,0.0020965948262083815,82514.38063343211,0.17485619366567887
SUI-USDT-PERP,SHORT,2023-03-11 20:00:00+00:00,2023-03-11 21:00:00+00:00,0.6975755624992777,0.695415453621553,16495.95905820347,1,REGIME_FLIP,BULL,51.08130147297815,16.495959058203468,34.58534241477468,0.0020965948262083815,82548.96597584689,0.1745103402415311
ARB-USDT-PERP,SHORT,2023-03-11 21:00:00+00:00,2023-03-11 22:00:00+00:00,1.390830907243106,1.3918511965124272,16502.876126686424,1,REGIME_FLIP,BULL,-12.106221782467053,16.502876126686424,-28.609097909153476,-0.0017335825397665294,82520.35687793774,0.1747964312206226
SUI-USDT-PERP,SHORT,2023-03-11 21:00:00+00:00,2023-03-11 22:00:00+00:00,0.695415453621553,0.6959255982562136,16509.79319516938,1,REGIME_FLIP,BULL,-12.111296023132518,16.50979319516938,-28.621089218301897,-0.0017335825397665294,82491.73578871944,0.17508264211280564
SOL-USDT-PERP,LONG,2023-03-11 23:00:00+00:00,2023-03-12 00:00:00+00:00,18.068,17.912,16498.347157743887,1,SL,BEAR,-142.44754021519176,16.498347157743886,-158.94588737293566,-0.009634049147664508,82332.7899013465,0.17667210098653494
ARB-USDT-PERP,SHORT,2023-03-11 23:00:00+00:00,2023-03-12 00:00:00+00:00,1.3906543551960184,1.3891643874830324,16498.347157743887,1,REGIME_FLIP,BULL,17.676573974564985,16.498347157743886,1.1782268168210983,7.141483965368433e-05,82333.96812816332,0.17666031871836677
ARB-USDT-PERP,SHORT,2023-03-13 19:00:00+00:00,2023-03-14 05:00:00+00:00,1.3529152157180449,1.3648791244520804,16466.793625632665,10,SL,BEAR,-145.61682342725942,31.23687598264064,-176.85369940990006,-0.010740020396843058,82157.11442875343,0.17842885571246575
SUI-USDT-PERP,SHORT,2023-03-13 19:00:00+00:00,2023-03-14 05:00:00+00:00,0.6764576078590224,0.6824395622260402,16466.793625632665,10,SL,BEAR,-145.61682342725942,31.23687598264064,-176.85369940990006,-0.010740020396843058,81980.26072934353,0.1801973927065647
ARB-USDT-PERP,SHORT,2023-03-14 05:00:00+00:00,2023-03-14 15:00:00+00:00,1.3648791244520804,1.372364544058437,16431.422885750686,10,SL,BEAR,-90.11500932634803,31.82056681201604,-121.93557613836407,-0.007420877484938111,81858.32515320517,0.18141674846794834
SUI-USDT-PERP,SHORT,2023-03-14 05:00:00+00:00,2023-03-14 15:00:00+00:00,0.6824395622260402,0.6861822720292186,16396.052145868707,10,SL,BEAR,-89.9210252400941,31.752068971054197,-121.6730942111483,-0.007420877484938112,81736.65205899402,0.1826334794100598
ARB-USDT-PERP,SHORT,2023-03-15 12:00:00+00:00,2023-03-15 13:00:00+00:00,1.393905100954116,1.400064099676131,16347.330411798805,1,SL,BULL,-72.23101992073364,16.347330411798804,-88.57835033253245,-0.005418520828856581,81648.07370866148,0.18351926291338516
SUI-USDT-PERP,SHORT,2023-03-15 12:00:00+00:00,2023-03-15 13:00:00+00:00,0.696952550477058,0.7000320498380656,16347.330411798805,1,SL,BULL,-72.23101992073364,16.347330411798804,-88.57835033253245,-0.005418520828856581,81559.49535832895,0.18440504641671054
ARB-USDT-PERP,SHORT,2023-03-15 15:00:00+00:00,2023-03-15 16:00:00+00:00,1.407527318594019,1.4031355834483623,16311.89907166579,1,REGIME_FLIP,BULL,50.896021341167895,16.311899071665792,34.5841222695021,0.002120177553671581,81594.07948059845,0.18405920519401553
SUI-USDT-PERP,SHORT,2023-03-15 15:00:00+00:00,2023-03-15 16:00:00+00:00,0.7037636592970095,0.7015677917241812,16311.89907166579,1,REGIME_FLIP,BULL,50.896021341167895,16.311899071665792,34.5841222695021,0.002120177553671581,81628.66360286795,0.18371336397132051
ARB-USDT-PERP,SHORT,2023-03-17 04:00:00+00:00,2023-03-17 05:00:00+00:00,1.4017163810960258,1.4024814251584843,16325.732720573591,1,REGIME_FLIP,BULL,-8.910436555926392,16.32573272057359,-25.236169276499982,-0.0015457909123244135,81603.42743359145,0.18396572566408548
SUI-USDT-PERP,SHORT,2023-03-17 04:00:00+00:00,2023-03-17 05:00:00+00:00,0.7008581905480129,0.7012407125792421,16325.732720573591,1,REGIME_FLIP,BULL,-8.910436555926392,16.32573272057359,-25.236169276499982,-0.0015457909123244135,81578.19126431496,0.18421808735685044
ARB-USDT-PERP,SHORT,2023-03-17 06:00:00+00:00,2023-03-17 07:00:00+00:00,1.4033393759936694,1.4022948675187707,16315.638252862991,1,REGIME_FLIP,BULL,12.143764167117114,16.315638252862993,-4.171874085745879,-0.00025569787838448905,81574.01939022921,0.18425980609770792
SUI-USDT-PERP,SHORT,2023-03-17 06:00:00+00:00,2023-03-17 07:00:00+00:00,0.7016696879968347,0.7011474337593854,16315.638252862991,1,REGIME_FLIP,BULL,12.143764167117114,16.315638252862993,-4.171874085745879,-0.00025569787838448905,81569.84751614346,0.18430152483856538
ARB-USDT-PERP,SHORT,2023-03-17 10:00:00+00:00,2023-03-17 11:00:00+00:00,1.388391600508366,1.3872135211971364,16313.969503228693,1,REGIME_FLIP,BULL,13.842744330021102,16.313969503228694,-2.4712251732075927,-0.00015147908500861873,81567.37629097025,0.1843262370902975
SUI-USDT-PERP,SHORT,2023-03-17 10:00:00+00:00,2023-03-17 11:00:00+00:00,0.694195800254183,0.6936067605985682,16313.969503228693,1,REGIME_FLIP,BULL,13.842744330021102,16.313969503228694,-2.4712251732075927,-0.00015147908500861873,81564.90506579704,0.18435094934202964
ARB-USDT-PERP,SHORT,2023-03-17 11:00:00+00:00,2023-03-17 12:00:00+00:00,1.3872135211971364,1.383145721350454,16313.47525819405,1,REGIME_FLIP,BULL,47.83686947981114,16.31347525819405,31.523394221617092,0.0019323530837356863,81596.42846001865,0.18403571539981348
SUI-USDT-PERP,SHORT,2023-03-17 11:00:00+00:00,2023-03-17 12:00:00+00:00,0.6936067605985682,0.691572860675227,16312.981013159408,1,REGIME_FLIP,BULL,47.83542017885969,16.31298101315941,31.522439165700284,0.0019323530837356865,81627.95089918435,0.18372049100815654
ARB-USDT-PERP,SHORT,2023-03-17 13:00:00+00:00,2023-03-17 14:00:00+00:00,1.3814284823522218,1.3832023386528591,16325.59017983687,1,REGIME_FLIP,BULL,-20.96326474521214,16.325590179836873,-37.28885492504901,-0.0022840739302094626,81590.6620442593,0.184093379557407
SUI-USDT-PERP,SHORT,2023-03-17 13:00:00+00:00,2023-03-17 14:00:00+00:00,0.6907142411761109,0.6916011693264296,16325.59017983687,1,REGIME_FLIP,BULL,-20.96326474521214,16.325590179836873,-37.28885492504901,-0.0022840739302094626,81553.37318933425,0.1844662681066575
ARB-USDT-PERP,SHORT,2023-03-18 23:00:00+00:00,2023-03-19 00:00:00+00:00,1.4058242685786584,1.4068868102737955,16310.67463786685,1,REGIME_FLIP,BULL,-12.327836605118934,16.31067463786685,-28.638511242985786,-0.0017558140223396179,81524.73467809126,0.18475265321908738
SUI-USDT-PERP,SHORT,2023-03-18 23:00:00+00:00,2023-03-19 00:00:00+00:00,0.7029121342893292,0.7034434051368977,16310.67463786685,1,REGIME_FLIP,BULL,-12.327836605118934,16.31067463786685,-28.638511242985786,-0.0017558140223396179,81496.09616684828,0.18503903833151722
ARB-USDT-PERP,SHORT,2023-03-19 00:00:00+00:00,2023-03-19 01:00:00+00:00,1.4068868102737955,1.4028504982716887,16304.946935618253,1,REGIME_FLIP,BULL,46.77835667330043,16.304946935618254,30.473409737682175,0.0018689671213288545,81526.56957658596,0.18473430423414045
SUI-USDT-PERP,SHORT,2023-03-19 00:00:00+00:00,2023-03-19 01:00:00+00:00,0.7034434051368977,0.7014252491358444,16299.219233369657,1,REGIME_FLIP,BULL,46.76192408386844,16.29921923336966,30.462704850498785,0.0018689671213288543,81557.03228143645,0.18442967718563552
ARB-USDT-PERP,SHORT,2023-03-26 22:00:00+00:00,2023-03-26 23:00:00+00:00,1.4682291745566074,1.4648593871674276,16311.40645628729,1,REGIME_FLIP,BULL,37.436915659152696,16.31140645628729,21.125509202865405,0.001295137194912,81578.1577906393,0.18421842209360692
SUI-USDT-PERP,SHORT,2023-03-26 22:00:00+00:00,2023-03-26 23:00:00+00:00,0.7341145872783037,0.7324296935837138,16311.40645628729,1,REGIME_FLIP,BULL,37.436915659152696,16.31140645628729,21.125509202865405,0.001295137194912,81599.28329984217,0.18400716700157835
ARB-USDT-PERP,SHORT,2023-03-27 04:00:00+00:00,2023-03-27 05:00:00+00:00,1.4687572695482747,1.4704943682888476,16319.856659968435,1,REGIME_FLIP,BULL,-19.30148911472681,16.319856659968433,-35.62134577469524,-0.0021826996717484734,81563.66195406747,0.18436338045932527
SUI-USDT-PERP,SHORT,2023-03-27 04:00:00+00:00,2023-03-27 05:00:00+00:00,0.7343786347741373,0.7352471841444238,16319.856659968435,1,REGIME_FLIP,BULL,-19.30148911472681,16.319856659968433,-35.62134577469524,-0.0021826996717484734,81528.04060829278,0.1847195939170722
ARB-USDT-PERP,SHORT,2023-03-27 05:00:00+00:00,2023-03-27 06:00:00+00:00,1.4704943682888476,1.4686752618346168,16312.732390813495,1,REGIME_FLIP,BULL,20.18001389070221,16.312732390813494,3.8672814998887155,0.0002370713506013605,81531.90788979267,0.18468092110207335
SUI-USDT-PERP,SHORT,2023-03-27 05:00:00+00:00,2023-03-27 06:00:00+00:00,0.7352471841444238,0.7343376309173084,16305.608121658557,1,REGIME_FLIP,BULL,20.171200661436664,16.305608121658558,3.865592539778106,0.00023707135060136044,81535.77348233244,0.18464226517667556
ARB-USDT-PERP,SHORT,2023-03-27 06:00:00+00:00,2023-03-27 07:00:00+00:00,1.4686752618346168,1.4599095985821329,16306.381577958535,1,REGIME_FLIP,BULL,97.32325006982254,16.306381577958536,81.016868491864,0.004968414856756151,81616.7903508243,0.18383209649175697
SUI-USDT-PERP,SHORT,2023-03-27 06:00:00+00:00,2023-03-27 07:00:00+00:00,0.7343376309173084,0.7299547992910664,16307.154696466489,1,REGIME_FLIP,BULL,97.32786436181144,16.30715469646649,81.02070966534495,0.004968414856756151,81697.81106048965,0.1830218893951035
ARB-USDT-PERP,SHORT,2023-03-27 07:00:00+00:00,2023-03-27 08:00:00+00:00,1.4599095985821329,1.4563130997331715,16323.35807016486,1,REGIME_FLIP,BULL,40.212721779176654,16.32335807016486,23.889363709011793,0.0014635079134039065,81721.70042419866,0.18278299575801343
SUI-USDT-PERP,SHORT,2023-03-27 07:00:00+00:00,2023-03-27 08:00:00+00:00,0.7299547992910664,0.7281565498665857,16339.562212097931,1,REGIME_FLIP,BULL,40.2526408110587,16.33956221209793,23.913078598960766,0.0014635079134039067,81745.61350279761,0.18254386497202388
ARB-USDT-PERP,SHORT,2023-03-27 08:00:00+00:00,2023-03-27 09:00:00+00:00,1.4563130997331715,1.458523000235581,16344.340084839732,1,REGIME_FLIP,BULL,-24.801923001074318,16.344340084839732,-41.14626308591405,-0.002517462489909853,81704.4672397117,0.18295532760288305
SUI-USDT-PERP,SHORT,2023-03-27 08:00:00+00:00,2023-03-27 09:00:00+00:00,0.7281565498665857,0.7292615001177905,16349.122700559523,1,REGIME_FLIP,BULL,-24.80918044103275,16.349122700559523,-41.15830314159227,-0.0025174624899098525,81663.3089365701,0.183366910634299
ARB-USDT-PERP,SHORT,2023-03-27 09:00:00+00:00,2023-03-27 10:00:00+00:00,1.458523000235581,1.463266829001207,16340.89344794234,1,SL,BULL,-53.14856219741384,16.340893447942342,-69.48945564535617,-0.004252488143731599,81593.81948092475,0.1840618051907525
SUI-USDT-PERP,SHORT,2023-03-27 09:00:00+00:00,2023-03-27 10:00:00+00:00,0.7292615001177905,0.7316334145006035,16332.66178731402,1,SL,BULL,-53.12178881881701,16.33266178731402,-69.45445060613103,-0.0042524881437316,81524.36503031862,0.18475634969681384
ARB-USDT-PERP,SHORT,2023-03-27 10:00:00+00:00,2023-03-27 11:00:00+00:00,1.463266829001207,1.4667966066436715,16318.763896184952,1,REGIME_FLIP,BULL,-39.36507464788817,16.31876389618495,-55.683838544073126,-0.0034122583608854748,81468.68119177454,0.18531318808225464
SUI-USDT-PERP,SHORT,2023-03-27 10:00:00+00:00,2023-03-27 11:00:00+00:00,0.7316334145006035,0.7333983033218358,16304.873006063724,1,REGIME_FLIP,BULL,-39.331566232053106,16.304873006063726,-55.636439238116836,-0.003412258360885475,81413.04475253641,0.18586955247463585
ARB-USDT-PERP,SHORT,2023-03-27 12:00:00+00:00,2023-03-27 13:00:00+00:00,1.4568814102838106,1.4617228548846637,16282.608950507283,1,SL,BULL,-54.109654111022834,16.282608950507285,-70.39226306153012,-0.0043231562752317435,81342.65248947489,0.18657347510525113
SUI-USDT-PERP,SHORT,2023-03-27 12:00:00+00:00,2023-03-27 13:00:00+00:00,0.7284407051419053,0.7308614274423318,16282.608950507283,1,SL,BULL,-54.109654111022834,16.282608950507285,-70.39226306153012,-0.0043231562752317435,81272.26022641336,0.1872773977358664
ARB-USDT-PERP,SHORT,2023-03-27 15:00:00+00:00,2023-03-27 16:00:00+00:00,1.4677754286494573,1.4668143654234798,16254.452045282673,1,REGIME_FLIP,BULL,10.643015146745348,16.254452045282672,-5.611436898537324,-0.00034522461187277373,81266.64878951482,0.18733351210485183
SUI-USDT-PERP,SHORT,2023-03-27 15:00:00+00:00,2023-03-27 16:00:00+00:00,0.7338877143247287,0.7334071827117399,16254.452045282673,1,REGIME_FLIP,BULL,10.643015146745348,16.254452045282672,-5.611436898537324,-0.00034522461187277373,81261.03735261627,0.18738962647383728
ARB-USDT-PERP,SHORT,2023-03-27 17:00:00+00:00,2023-03-27 18:00:00+00:00,1.4649422965884977,1.4670369293921743,16252.207470523255,1,REGIME_FLIP,BULL,-23.238053115943714,16.252207470523256,-39.490260586466974,-0.0024298398022601386,81221.54709202981,0.1877845290797019
SUI-USDT-PERP,SHORT,2023-03-27 17:00:00+00:00,2023-03-27 18:00:00+00:00,0.7324711482942489,0.7335184646960872,16252.207470523255,1,REGIME_FLIP,BULL,-23.238053115943714,16.252207470523256,-39.490260586466974,-0.0024298398022601386,81182.05683144335,0.18817943168556653
ARB-USDT-PERP,SHORT,2023-03-27 18:00:00+00:00,2023-03-27 19:00:00+00:00,1.4670369293921743,1.459307813893171,16244.309418405963,1,REGIME_FLIP,BULL,85.58349226316166,16.24430941840596,69.3391828447557,0.0042685214285680525,81251.3960142881,0.18748603985711904
SUI-USDT-PERP,SHORT,2023-03-27 18:00:00+00:00,2023-03-27 19:00:00+00:00,0.7335184646960872,0.7296539069465855,16236.41136628867,1,REGIME_FLIP,BULL,85.54188120633775,16.23641136628867,69.30546984004908,0.0042685214285680525,81320.70148412815,0.1867929851587185
ARB-USDT-PERP,SHORT,2023-03-29 21:00:00+00:00,2023-03-29 22:00:00+00:00,1.4725778992348049,1.4669003776599663,16264.14029682563,1,REGIME_FLIP,BULL,62.70636512975764,16.26414029682563,46.44222483293201,0.002855498291661713,81367.14370896108,0.18632856291038916
SUI-USDT-PERP,SHORT,2023-03-29 21:00:00+00:00,2023-03-29 22:00:00+00:00,0.7362889496174024,0.7334501888299831,16264.14029682563,1,REGIME_FLIP,BULL,62.70636512975764,16.26414029682563,46.44222483293201,0.002855498291661713,81413.58593379402,0.1858641406620598
ARB-USDT-PERP,SHORT,2023-03-30 00:00:00+00:00,2023-03-30 01:00:00+00:00,1.464336811535735,1.470175538302434,16282.717186758804,1,SL,BULL,-64.92381802053694,16.282717186758806,-81.20653520729574,-0.004987284018746782,81332.37939858672,0.18667620601413276
SUI-USDT-PERP,SHORT,2023-03-30 00:00:00+00:00,2023-03-30 01:00:00+00:00,0.7321684057678675,0.735087769151217,16282.717186758804,1,SL,BULL,-64.92381802053694,16.282717186758806,-81.20653520729574,-0.004987284018746782,81251.17286337943,0.18748827136620574
ARB-USDT-PERP,SHORT,2023-03-30 02:00:00+00:00,2023-03-30 03:00:00+00:00,1.4725210496366128,1.4720736941397865,16250.234572675887,1,REGIME_FLIP,BULL,4.936861013020551,16.250234572675886,-11.313373559655336,-0.0006961975538912106,81239.85948981978,0.18760140510180223
SUI-USDT-PERP,SHORT,2023-03-30 02:00:00+00:00,2023-03-30 03:00:00+00:00,0.7362605248183064,0.7360368470698933,16250.234572675887,1,REGIME_FLIP,BULL,4.936861013020551,16.250234572675886,-11.313373559655336,-0.0006961975538912106,81228.54611626013,0.18771453883739872
ARB-USDT-PERP,SHORT,2023-03-30 03:00:00+00:00,2023-03-30 04:00:00+00:00,1.4720736941397865,1.4664612602614528,16247.971897963957,1,REGIME_FLIP,BULL,61.947080704837816,16.247971897963957,45.69910880687386,0.0028126038802787716,81274.245225067,0.18725754774932998
SUI-USDT-PERP,SHORT,2023-03-30 03:00:00+00:00,2023-03-30 04:00:00+00:00,0.7360368470698933,0.7332306301307264,16245.709223252026,1,REGIME_FLIP,BULL,61.9384540224513,16.245709223252028,45.692744799199275,0.0028126038802787716,81319.93796986621,0.1868006203013379
ARB-USDT-PERP,SHORT,2023-03-30 04:00:00+00:00,2023-03-30 05:00:00+00:00,1.4664612602614528,1.4720865731721355,16254.849045013401,1,SL,BULL,-62.35324087443649,16.2548490450134,-78.6080899194499,-0.004835977848933945,81241.32987994676,0.18758670120053242
SUI-USDT-PERP,SHORT,2023-03-30 04:00:00+00:00,2023-03-30 05:00:00+00:00,0.7332306301307264,0.7360432865860678,16263.987593973243,1,SL,BULL,-62.38829614581784,16.263987593973244,-78.65228373979109,-0.004835977848933945,81162.67759620697,0.18837322403793033
ARB-USDT-PERP,SHORT,2023-03-30 05:00:00+00:00,2023-03-30 06:00:00+00:00,1.4720865731721355,1.4804199306201844,16248.265975989352,1,SL,BULL,-91.98005793716096,16.24826597598935,-108.22832391315032,-0.006660915329247023,81054.44927229382,0.18945550727706184
SUI-USDT-PERP,SHORT,2023-03-30 05:00:00+00:00,2023-03-30 06:00:00+00:00,0.7360432865860678,0.7402099653100922,16232.535519241394,1,SL,BULL,-91.89100915342038,16.232535519241395,-108.12354467266178,-0.006660915329247023,80946.32572762115,0.19053674272378848
ARB-USDT-PERP,SHORT,2023-04-02 06:00:00+00:00,2023-04-02 09:00:00+00:00,1.4325553919653242,1.4192394830831883,16189.26514552423,3,TP,BEAR,150.48268343103507,16.18926514552423,134.29341828551082,0.00829521396297832,81080.61914590666,0.1891938085409334
SUI-USDT-PERP,SHORT,2023-04-02 06:00:00+00:00,2023-04-02 09:00:00+00:00,0.7162776959826621,0.7096197415415941,16189.26514552423,3,TP,BEAR,150.48268343103507,16.18926514552423,134.29341828551082,0.00829521396297832,81214.91256419217,0.1878508743580783
ARB-USDT-PERP,SHORT,2023-04-02 09:00:00+00:00,2023-04-02 14:00:00+00:00,1.4192394830831883,1.4247026978026696,16216.123829181333,5,SL,BEAR,-62.4222814066977,16.216123829181335,-78.63840523587903,-0.004849395950860168,81136.2741589563,0.18863725841043708
SUI-USDT-PERP,SHORT,2023-04-02 09:00:00+00:00,2023-04-02 14:00:00+00:00,0.7096197415415941,0.7123513489013348,16242.982512838435,5,SL,BEAR,-62.52567111481277,16.242982512838434,-78.7686536276512,-0.004849395950860167,81057.50550532865,0.18942494494671352
ARB-USDT-PERP,SHORT,2023-04-02 14:00:00+00:00,2023-04-02 17:00:00+00:00,1.4247026978026696,1.4305809364974222,16227.254831791259,3,SL,BEAR,-66.95268943405873,16.22725483179126,-83.17994426584998,-0.005125940593654194,80974.3255610628,0.19025674438937204
SUI-USDT-PERP,SHORT,2023-04-02 14:00:00+00:00,2023-04-02 17:00:00+00:00,0.7123513489013348,0.7152904682487111,16211.50110106573,3,SL,BEAR,-66.88769047695678,16.211501101065732,-83.09919157802251,-0.005125940593654195,80891.22636948478,0.19108773630515222
ARB-USDT-PERP,SHORT,2023-04-05 02:00:00+00:00,2023-04-05 03:00:00+00:00,1.4826367812304744,1.4806007506009855,16178.245273896957,1,REGIME_FLIP,BULL,22.216771717817913,16.17824527389696,6.038526443920954,0.0003732497771970307,80897.2648959287,0.19102735104071297
SUI-USDT-PERP,SHORT,2023-04-05 02:00:00+00:00,2023-04-05 03:00:00+00:00,0.7413183906152372,0.7403003753004928,16178.245273896957,1,REGIME_FLIP,BULL,22.216771717817913,16.17824527389696,6.038526443920954,0.0003732497771970307,80903.30342237263,0.19096696577627373
ARB-USDT-PERP,SHORT,2023-04-05 03:00:00+00:00,2023-04-05 04:00:00+00:00,1.4806007506009855,1.4775443643959558,16179.452979185742,1,REGIME_FLIP,BULL,33.39904891338016,16.179452979185744,17.21959593419442,0.0010642878938086956,80920.52301830682,0.1907947698169318
SUI-USDT-PERP,SHORT,2023-04-05 03:00:00+00:00,2023-04-05 04:00:00+00:00,0.7403003753004928,0.7387721821979779,16180.660684474526,1,REGIME_FLIP,BULL,33.401541964787086,16.180660684474525,17.22088128031256,0.0010642878938086956,80937.74389958713,0.19062256100412867
ARB-USDT-PERP,SHORT,2023-04-05 04:00:00+00:00,2023-04-05 05:00:00+00:00,1.4775443643959558,1.477890802297536,16184.104603661364,1,REGIME_FLIP,BULL,-3.7946659152535576,16.184104603661364,-19.97877051891492,-0.001234468696797417,80917.76512906823,0.19082234870931775
SUI-USDT-PERP,SHORT,2023-04-05 04:00:00+00:00,2023-04-05 05:00:00+00:00,0.7387721821979779,0.738945401148768,16187.548779917428,1,REGIME_FLIP,BULL,-3.7954734667718575,16.187548779917428,-19.983022246689284,-0.001234468696797417,80897.78210682154,0.19102217893178458
ARB-USDT-PERP,SHORT,2023-04-05 05:00:00+00:00,2023-04-05 06:00:00+00:00,1.477890802297536,1.4719124979543659,16183.553025813646,1,REGIME_FLIP,BULL,65.46505681728284,16.183553025813648,49.28150379146919,0.0030451597194301227,80947.06361061301,0.19052936389386987
SUI-USDT-PERP,SHORT,2023-04-05 05:00:00+00:00,2023-04-05 06:00:00+00:00,0.738945401148768,0.7359562489771829,16179.556421364308,1,REGIME_FLIP,BULL,65.44888991394988,16.17955642136431,49.269333492585574,0.0030451597194301227,80996.3329441056,0.19003667055894402
ARB-USDT-PERP,SHORT,2023-04-06 01:00:00+00:00,2023-04-06 02:00:00+00:00,1.4685514658741008,1.4674994574503055,16199.26658882112,1,REGIME_FLIP,BULL,11.604472370739561,16.19926658882112,-4.59479421808156,-0.00028364211385053454,80991.73814988752,0.19008261850112482
SUI-USDT-PERP,SHORT,2023-04-06 01:00:00+00:00,2023-04-06 02:00:00+00:00,0.7342757329370504,0.7337497287251528,16199.26658882112,1,REGIME_FLIP,BULL,11.604472370739561,16.19926658882112,-4.59479421808156,-0.00028364211385053454,80987.14335566944,0.1901285664433056
ARB-USDT-PERP,SHORT,2023-04-07 09:00:00+00:00,2023-04-07 10:00:00+00:00,1.4616028643068992,1.4581981970328515,16197.428671133888,1,REGIME_FLIP,BULL,37.73039631150652,16.19742867113389,21.53296764037263,0.0013294065420857465,81008.67632330982,0.18991323676690183
SUI-USDT-PERP,SHORT,2023-04-07 09:00:00+00:00,2023-04-07 10:00:00+00:00,0.7308014321534496,0.7290990985164257,16197.428671133888,1,REGIME_FLIP,BULL,37.73039631150652,16.19742867113389,21.53296764037263,0.0013294065420857465,81030.2092909502,0.18969790709049805
ARB-USDT-PERP,SHORT,2023-04-07 10:00:00+00:00,2023-04-07 11:00:00+00:00,1.4581981970328515,1.4577416164282,16201.735264661964,1,REGIME_FLIP,BULL,5.0729716293675455,16.201735264661963,-11.128763635294417,-0.0006868871422413413,81019.0805273149,0.18980919472685098
SUI-USDT-PERP,SHORT,2023-04-07 10:00:00+00:00,2023-04-07 11:00:00+00:00,0.7290990985164257,0.7288708082141,16206.04185819004,1,REGIME_FLIP,BULL,5.074320079174327,16.20604185819004,-11.131721779015713,-0.0006868871422413413,81007.94880553588,0.18992051194464118
ARB-USDT-PERP,SHORT,2023-04-07 11:00:00+00:00,2023-04-07 12:00:00+00:00,1.4577416164282,1.4635553796493872,16203.816105462982,1,SL,BULL,-64.62403834476905,16.203816105462984,-80.82785445023202,-0.004988198701106067,80927.12095108564,0.19072879048914357
SUI-USDT-PERP,SHORT,2023-04-07 11:00:00+00:00,2023-04-07 12:00:00+00:00,0.7288708082141,0.7317776898246936,16201.589761107178,1,SL,BULL,-64.61515924110103,16.20158976110718,-80.81674900220821,-0.004988198701106069,80846.30420208344,0.1915369579791656
ARB-USDT-PERP,SHORT,2023-04-07 15:00:00+00:00,2023-04-07 16:00:00+00:00,1.469522132919924,1.4702350781188775,16169.26084041669,1,REGIME_FLIP,BULL,-7.844588814663081,16.16926084041669,-24.01384965507977,-0.0014851544478183408,80822.29035242836,0.1917770964757164
SUI-USDT-PERP,SHORT,2023-04-07 15:00:00+00:00,2023-04-07 16:00:00+00:00,0.734761066459962,0.7351175390594388,16169.26084041669,1,REGIME_FLIP,BULL,-7.844588814663081,16.16926084041669,-24.01384965507977,-0.0014851544478183408,80798.27650277328,0.1920172349722672
ARB-USDT-PERP,SHORT,2023-04-07 16:00:00+00:00,2023-04-07 17:00:00+00:00,1.4702350781188775,1.4650434349178556,16164.458070485673,1,REGIME_FLIP,BULL,57.07937464477759,16.164458070485672,40.914916574291915,0.0025311653750395477,80839.19141934757,0.19160808580652433
SUI-USDT-PERP,SHORT,2023-04-07 16:00:00+00:00,2023-04-07 17:00:00+00:00,0.7351175390594388,0.7325217174589278,16159.655300554658,1,REGIME_FLIP,BULL,57.0624152698929,16.159655300554657,40.90275996933825,0.0025311653750395477,80880.0941793169,0.19119905820683095
ARB-USDT-PERP,SHORT,2023-04-15 20:00:00+00:00,2023-04-15 21:00:00+00:00,1.3868475105954066,1.391615459596118,16176.018835863382,1,SL,BEAR,-55.612770874018864,16.17601883586338,-71.78878970988225,-0.004437976391985982,80808.30538960702,0.19191694610392981
SUI-USDT-PERP,SHORT,2023-04-15 20:00:00+00:00,2023-04-15 21:00:00+00:00,0.6934237552977033,0.695807729798059,16176.018835863382,1,SL,BEAR,-55.612770874018864,16.17601883586338,-71.78878970988225,-0.004437976391985982,80736.51659989714,0.19263483400102865
SOL-USDT-PERP,SHORT,2023-04-17 00:00:00+00:00,2023-04-17 01:00:00+00:00,24.867,25.411,16147.303319979428,1,SL,BULL,-353.2445814158852,16.14730331997943,-369.3918847358646,-0.02287638235412396,80367.12471516128,0.19632875284838722
SOL-USDT-PERP,SHORT,2023-04-17 02:00:00+00:00,2023-04-17 03:00:00+00:00,25.693,25.823,16073.424943032256,1,SL,BULL,-81.32741379341365,16.073424943032258,-97.4008387364459,-0.006059743899116451,80269.72387642483,0.1973027612357517
SOL-USDT-PERP,SHORT,2023-04-17 03:00:00+00:00,2023-04-17 04:00:00+00:00,25.823,25.61,16053.944775284966,1,TP,BULL,132.42033215101705,16.053944775284968,116.36638737573207,0.007248460674592454,80386.09026380056,0.19613909736199436
ARB-USDT-PERP,SHORT,2023-04-17 12:00:00+00:00,2023-04-17 17:00:00+00:00,1.364959793712879,1.3692311859447788,16077.218052760114,5,SL,BEAR,-50.310715830186155,16.077218052760113,-66.38793388294627,-0.0041293172528408225,80319.70232991762,0.19680297670082378
SUI-USDT-PERP,SHORT,2023-04-17 12:00:00+00:00,2023-04-17 17:00:00+00:00,0.6824798968564395,0.6846155929723894,16077.218052760114,5,SL,BEAR,-50.310715830186155,16.077218052760113,-66.38793388294627,-0.0041293172528408225,80253.31439603468,0.19746685603965322
ARB-USDT-PERP,SHORT,2023-04-17 17:00:00+00:00,2023-04-17 22:00:00+00:00,1.3692311859447788,1.3761141123021647,16063.940465983525,5,SL,BEAR,-80.75109621499386,16.063940465983524,-96.81503668097739,-0.0060268547985464545,80156.49935935371,0.19843500640646292
SUI-USDT-PERP,SHORT,2023-04-17 17:00:00+00:00,2023-04-17 22:00:00+00:00,0.6846155929723894,0.6880570561510824,16050.662879206937,5,SL,BEAR,-80.68435171419286,16.050662879206936,-96.7350145933998,-0.006026854798546455,80059.7643447603,0.19940235655239696
ARB-USDT-PERP,SHORT,2023-04-18 00:00:00+00:00,2023-04-18 04:00:00+00:00,1.3686056992097086,1.3814786634572225,16011.952868952061,4,SL,BEAR,-150.60677953768538,16.01195286895206,-166.61873240663743,-0.010405897005212843,79893.14561235366,0.20106854387646336
SUI-USDT-PERP,SHORT,2023-04-18 00:00:00+00:00,2023-04-18 04:00:00+00:00,0.6843028496048543,0.6907393317286112,16011.952868952061,4,SL,BEAR,-150.60677953768538,16.01195286895206,-166.61873240663743,-0.010405897005212843,79726.52687994702,0.2027347312005298
ARB-USDT-PERP,SHORT,2023-04-18 04:00:00+00:00,2023-04-18 06:00:00+00:00,1.3814786634572225,1.3858275384340661,15978.629122470733,2,SL,BEAR,-50.30049481986092,15.978629122470734,-66.27912394233165,-0.0041479856271977285,79660.24775600468,0.20339752243995318
SUI-USDT-PERP,SHORT,2023-04-18 04:00:00+00:00,2023-04-18 06:00:00+00:00,0.6907393317286112,0.6929137692170331,15945.305375989405,2,SL,BEAR,-50.19559214489332,15.945305375989404,-66.14089752088272,-0.0041479856271977285,79594.1068584838,0.20405893141516193
